species	gene_id	target	target_species	source	evalue	bitscore	qcov	tcov	pident	counts_as_hit	note
Physcomitrium_patens	NP_001365527.1	KAG0558901.1__Ceratodon_purpureus	Ceratodon_purpureus	homology-blast	7.81e-114	321.0	100.0	100.0	98.788	yes	NA
Physcomitrium_patens	NP_001365527.1	KAG0561500.1__Ceratodon_purpureus	Ceratodon_purpureus	homology-blast	8.63e-113	318.0	98.8	98.8	99.387	yes	NA
Physcomitrium_patens	NP_001365527.1	KAG0567870.1__Ceratodon_purpureus	Ceratodon_purpureus	homology-blast	7.81e-114	321.0	100.0	100.0	98.788	yes	NA
Physcomitrium_patens	NP_001365527.1	KAH8948494.1__Sphagnum_fallax	Sphagnum_fallax	homology-blast	3.7e-108	307.0	98.8	98.8	94.479	yes	NA
Physcomitrium_patens	NP_001365527.1	KAH8965564.1__Sphagnum_fallax	Sphagnum_fallax	homology-blast	3.7e-108	307.0	98.8	98.8	94.479	yes	NA
Physcomitrium_patens	NP_001365541.1	KAG0565511.1__Ceratodon_purpureus	Ceratodon_purpureus	homology-blast	1.8e-97	279.0	88.8	88.8	100.0	yes	NA
Physcomitrium_patens	NP_001365541.1	KAG0571908.1__Ceratodon_purpureus	Ceratodon_purpureus	homology-blast	1.02e-95	275.0	88.8	88.8	97.778	yes	NA
Physcomitrium_patens	NP_001365541.1	KAG0572063.1__Ceratodon_purpureus	Ceratodon_purpureus	homology-blast	1.8e-97	279.0	88.8	88.8	100.0	yes	NA
Physcomitrium_patens	NP_001365541.1	KAG0574650.1__Ceratodon_purpureus	Ceratodon_purpureus	homology-blast	2.75e-31	108.0	40.1	98.4	90.164	no	query coverage 40.1% below 50%
Physcomitrium_patens	NP_001365541.1	KAG0577814.1__Ceratodon_purpureus	Ceratodon_purpureus	homology-blast	1.8e-97	279.0	88.8	88.8	100.0	yes	NA
Physcomitrium_patens	XP_024356589.1	KAG0554980.1__Ceratodon_purpureus	Ceratodon_purpureus	homology-blast	2.23e-06	45.1	75.2	77.4	34.831	yes	NA
Physcomitrium_patens	XP_024356589.1	KAG0554985.1__Ceratodon_purpureus	Ceratodon_purpureus	homology-blast	2.23e-06	45.1	75.2	77.4	34.831	yes	NA
Physcomitrium_patens	XP_024356589.1	KAG0557331.1__Ceratodon_purpureus	Ceratodon_purpureus	homology-blast	1.89e-29	104.0	79.6	75.4	59.783	yes	NA
Physcomitrium_patens	XP_024356589.1	KAG0557332.1__Ceratodon_purpureus	Ceratodon_purpureus	homology-blast	6.32e-10	54.3	73.5	78.5	42.529	yes	NA
Physcomitrium_patens	XP_024356589.1	KAG0557335.1__Ceratodon_purpureus	Ceratodon_purpureus	homology-blast	2.44e-12	60.5	77.0	76.7	42.391	yes	NA
Physcomitrium_patens	XP_024357008.1	KAG0555013.1__Ceratodon_purpureus	Ceratodon_purpureus	homology-blast	3.2e-137	402.0	75.1	74.1	83.019	yes	NA
Physcomitrium_patens	XP_024357008.1	KAG0562763.1__Ceratodon_purpureus	Ceratodon_purpureus	homology-blast	0.000131	47.0	22.6	10.2	33.673	no	query coverage 22.6% below 50%
Physcomitrium_patens	XP_024357008.1	KAG0563158.1__Ceratodon_purpureus	Ceratodon_purpureus	homology-blast	2.77e-05	48.9	28.9	21.4	29.365	no	query coverage 28.9% below 50%
Physcomitrium_patens	XP_024357008.1	KAG0583601.1__Ceratodon_purpureus	Ceratodon_purpureus	homology-blast	2.33e-05	48.9	19.2	17.1	38.554	no	query coverage 19.2% below 50%
Physcomitrium_patens	XP_024357008.1	KAG0584837.1__Ceratodon_purpureus	Ceratodon_purpureus	homology-blast	6.71e-05	47.8	27.7	35.2	29.167	no	query coverage 27.7% below 50%
Physcomitrium_patens	XP_024357135.1	KAG0555340.1__Ceratodon_purpureus	Ceratodon_purpureus	homology-blast	3.4e-57	176.0	100.0	95.7	75.94	yes	NA
Physcomitrium_patens	XP_024357135.1	KAH8947842.1__Sphagnum_fallax	Sphagnum_fallax	homology-blast	3.1e-51	160.0	100.0	100.0	75.781	yes	NA
Physcomitrium_patens	XP_024357135.1	g28742.t1__Sphagnum_palustre	Sphagnum_palustre	homology-blast	1.52e-50	158.0	100.0	100.0	74.219	yes	NA
Physcomitrium_patens	XP_024357135.1	g7920.t1__Blasia_pusilla	Blasia_pusilla	homology-blast	6.38e-38	126.0	96.9	100.0	62.097	yes	NA
Physcomitrium_patens	XP_024357135.1	jg14356.t1__Bazzania_tridens	Bazzania_tridens	homology-blast	6.78e-42	137.0	100.0	89.2	66.667	yes	NA
Physcomitrium_patens	XP_024357533.1	KAG0555173.1__Ceratodon_purpureus	Ceratodon_purpureus	homology-blast	0.0	1169.0	100.0	100.0	69.124	yes	NA
Physcomitrium_patens	XP_024357533.1	KAG0575777.1__Ceratodon_purpureus	Ceratodon_purpureus	homology-blast	2.03e-12	73.9	11.6	12.1	35.185	no	query coverage 11.6% below 50%
Physcomitrium_patens	XP_024357533.1	KAG0583950.1__Ceratodon_purpureus	Ceratodon_purpureus	homology-blast	0.0	1264.0	99.8	100.0	76.628	yes	NA
Physcomitrium_patens	XP_024357533.1	KAH8939688.1__Sphagnum_fallax	Sphagnum_fallax	homology-blast	0.0	764.0	99.8	99.8	49.948	yes	NA
Physcomitrium_patens	XP_024357533.1	KAH8947993.1__Sphagnum_fallax	Sphagnum_fallax	homology-blast	0.0	582.0	82.5	87.8	46.301	yes	NA
Physcomitrium_patens	XP_024357552.1	KAG0554195.1__Ceratodon_purpureus	Ceratodon_purpureus	homology-blast	1.39e-37	149.0	96.3	96.9	25.407	yes	NA
Physcomitrium_patens	XP_024357552.1	KAG0555958.1__Ceratodon_purpureus	Ceratodon_purpureus	homology-blast	2.67e-30	127.0	78.3	68.6	24.2	yes	NA
Physcomitrium_patens	XP_024357552.1	KAG0556445.1__Ceratodon_purpureus	Ceratodon_purpureus	homology-blast	1.56e-21	100.0	41.0	33.0	29.707	no	query coverage 41.0% below 50%
Physcomitrium_patens	XP_024357552.1	KAG0558809.1__Ceratodon_purpureus	Ceratodon_purpureus	homology-blast	5.25e-27	117.0	81.8	80.5	24.854	yes	NA
Physcomitrium_patens	XP_024357552.1	KAG0562366.1__Ceratodon_purpureus	Ceratodon_purpureus	homology-blast	2.21e-28	121.0	81.4	78.8	24.277	yes	NA
Physcomitrium_patens	XP_024357608.1	KAG0553902.1__Ceratodon_purpureus	Ceratodon_purpureus	homology-blast	4.24e-08	60.1	17.8	17.6	29.327	no	query coverage 17.8% below 50%
Physcomitrium_patens	XP_024357608.1	KAG0553908.1__Ceratodon_purpureus	Ceratodon_purpureus	homology-blast	7.98e-07	55.8	15.0	16.6	30.387	no	query coverage 15.0% below 50%
Physcomitrium_patens	XP_024357608.1	KAG0554018.1__Ceratodon_purpureus	Ceratodon_purpureus	homology-blast	0.0	1496.0	99.9	99.9	78.119	yes	NA
Physcomitrium_patens	XP_024357608.1	KAG0554563.1__Ceratodon_purpureus	Ceratodon_purpureus	homology-blast	4.97e-15	82.4	47.7	51.1	23.408	no	query coverage 47.7% below 50%
Physcomitrium_patens	XP_024357608.1	KAG0561386.1__Ceratodon_purpureus	Ceratodon_purpureus	homology-blast	1.76e-09	64.3	16.1	19.6	31.122	no	query coverage 16.1% below 50%
Physcomitrium_patens	XP_024357726.1	KAG0555241.1__Ceratodon_purpureus	Ceratodon_purpureus	homology-blast	0.0	991.0	88.8	91.1	69.839	yes	NA
Physcomitrium_patens	XP_024357726.1	KAG0562311.1__Ceratodon_purpureus	Ceratodon_purpureus	homology-blast	2.69e-128	406.0	75.7	77.7	35.542	yes	NA
Physcomitrium_patens	XP_024357726.1	KAG0576508.1__Ceratodon_purpureus	Ceratodon_purpureus	homology-blast	1.32e-131	415.0	75.8	77.2	35.596	yes	NA
Physcomitrium_patens	XP_024357726.1	KAG0589524.1__Ceratodon_purpureus	Ceratodon_purpureus	homology-blast	1.62e-19	96.3	69.6	74.5	21.906	yes	NA
Physcomitrium_patens	XP_024357726.1	KAH8931776.1__Sphagnum_fallax	Sphagnum_fallax	homology-blast	0.0	577.0	75.5	80.4	47.295	yes	NA
Physcomitrium_patens	XP_024357747.1	KAG0582578.1__Ceratodon_purpureus	Ceratodon_purpureus	homology-blast	0.0	792.0	98.8	98.8	69.421	yes	NA
Physcomitrium_patens	XP_024357747.1	KAH8938817.1__Sphagnum_fallax	Sphagnum_fallax	homology-blast	0.0	557.0	94.3	93.8	51.959	yes	NA
Physcomitrium_patens	XP_024357747.1	g11685.t1__Sphagnum_palustre	Sphagnum_palustre	homology-blast	0.0	552.0	94.3	93.8	51.531	yes	NA
Physcomitrium_patens	XP_024357747.1	g24698.t1__Sphagnum_palustre	Sphagnum_palustre	homology-blast	1.57e-23	98.2	19.0	84.6	50.877	no	query coverage 19.0% below 50%
Physcomitrium_patens	XP_024357747.1	g24699.t1__Sphagnum_palustre	Sphagnum_palustre	homology-blast	8.33e-41	153.0	43.1	75.2	56.452	no	query coverage 43.1% below 50%
Physcomitrium_patens	XP_024358000.1	KAG0553369.1__Ceratodon_purpureus	Ceratodon_purpureus	homology-blast	0.0	756.0	89.0	88.2	84.615	yes	NA
Physcomitrium_patens	XP_024358000.1	KAG0581972.1__Ceratodon_purpureus	Ceratodon_purpureus	homology-blast	1.51e-06	54.3	12.2	8.9	34.483	no	query coverage 12.2% below 50%
Physcomitrium_patens	XP_024358000.1	KAG0582217.1__Ceratodon_purpureus	Ceratodon_purpureus	homology-blast	1.52e-151	457.0	85.0	83.4	56.855	yes	NA
Physcomitrium_patens	XP_024358000.1	KAG0582221.1__Ceratodon_purpureus	Ceratodon_purpureus	homology-blast	1.52e-151	457.0	85.0	83.4	56.855	yes	NA
Physcomitrium_patens	XP_024358000.1	KAH8952563.1__Sphagnum_fallax	Sphagnum_fallax	homology-blast	5.82e-171	508.0	84.5	83.6	61.386	yes	NA
Physcomitrium_patens	XP_024358854.1	KAG0554412.1__Ceratodon_purpureus	Ceratodon_purpureus	homology-blast	3.26e-84	274.0	93.4	90.5	34.432	yes	NA
Physcomitrium_patens	XP_024358854.1	KAG0558788.1__Ceratodon_purpureus	Ceratodon_purpureus	homology-blast	2.64e-102	321.0	95.7	94.1	36.909	yes	NA
Physcomitrium_patens	XP_024358854.1	KAG0560660.1__Ceratodon_purpureus	Ceratodon_purpureus	homology-blast	4.7e-06	50.8	22.9	51.0	29.104	no	query coverage 22.9% below 50%
Physcomitrium_patens	XP_024358854.1	KAG0560661.1__Ceratodon_purpureus	Ceratodon_purpureus	homology-blast	1.04e-69	229.0	52.8	88.1	41.234	yes	NA
Physcomitrium_patens	XP_024358854.1	KAG0565200.1__Ceratodon_purpureus	Ceratodon_purpureus	homology-blast	1.76e-165	483.0	96.1	93.0	50.45	yes	NA
Physcomitrium_patens	XP_024358877.1	KAG0553911.1__Ceratodon_purpureus	Ceratodon_purpureus	homology-blast	3.59e-05	47.8	65.5	62.9	25.177	yes	NA
Physcomitrium_patens	XP_024358877.1	KAG0556573.1__Ceratodon_purpureus	Ceratodon_purpureus	homology-blast	1.54e-75	252.0	91.4	36.4	42.34	yes	NA
Physcomitrium_patens	XP_024358877.1	KAG0556575.1__Ceratodon_purpureus	Ceratodon_purpureus	homology-blast	3.23e-63	219.0	86.8	32.3	41.018	yes	NA
Physcomitrium_patens	XP_024358877.1	KAG0556682.1__Ceratodon_purpureus	Ceratodon_purpureus	homology-blast	5.76e-13	72.4	90.6	64.2	24.207	yes	NA
Physcomitrium_patens	XP_024358877.1	KAG0557495.1__Ceratodon_purpureus	Ceratodon_purpureus	homology-blast	0.000554	44.3	44.2	33.9	26.136	no	query coverage 44.2% below 50%
Physcomitrium_patens	XP_024359355.1	KAG0556723.1__Ceratodon_purpureus	Ceratodon_purpureus	homology-blast	0.0	939.0	100.0	100.0	77.346	yes	NA
Physcomitrium_patens	XP_024359355.1	KAG0564630.1__Ceratodon_purpureus	Ceratodon_purpureus	homology-blast	0.0	1059.0	100.0	100.0	87.961	yes	NA
Physcomitrium_patens	XP_024359355.1	KAG0578445.1__Ceratodon_purpureus	Ceratodon_purpureus	homology-blast	2.19e-10	66.2	22.9	17.4	29.299	no	query coverage 22.9% below 50%
Physcomitrium_patens	XP_024359355.1	KAG0582741.1__Ceratodon_purpureus	Ceratodon_purpureus	homology-blast	7.02e-13	74.7	23.0	7.7	31.013	no	query coverage 23.0% below 50%
Physcomitrium_patens	XP_024359355.1	KAG0583904.1__Ceratodon_purpureus	Ceratodon_purpureus	homology-blast	8.81e-15	80.5	22.5	12.5	34.228	no	query coverage 22.5% below 50%
Physcomitrium_patens	XP_024359623.1	KAG0555967.1__Ceratodon_purpureus	Ceratodon_purpureus	homology-blast	0.000263	45.1	25.2	13.7	41.176	no	query coverage 25.2% below 50%
Physcomitrium_patens	XP_024359623.1	KAG0556702.1__Ceratodon_purpureus	Ceratodon_purpureus	homology-blast	3.31e-143	412.0	100.0	99.2	60.417	yes	NA
Physcomitrium_patens	XP_024359623.1	KAG0561707.1__Ceratodon_purpureus	Ceratodon_purpureus	homology-blast	3.08e-05	48.1	25.2	16.5	43.137	no	query coverage 25.2% below 50%
Physcomitrium_patens	XP_024359623.1	KAG0562149.1__Ceratodon_purpureus	Ceratodon_purpureus	homology-blast	3.07e-15	78.2	26.0	24.4	41.489	no	query coverage 26.0% below 50%
Physcomitrium_patens	XP_024359623.1	KAG0565262.1__Ceratodon_purpureus	Ceratodon_purpureus	homology-blast	2.85e-06	51.2	25.2	15.2	40.323	no	query coverage 25.2% below 50%
Physcomitrium_patens	XP_024359934.1	KAG0555355.1__Ceratodon_purpureus	Ceratodon_purpureus	homology-blast	4.55e-06	50.8	10.7	5.8	56.757	no	query coverage 10.7% below 50%
Physcomitrium_patens	XP_024359934.1	KAG0556991.1__Ceratodon_purpureus	Ceratodon_purpureus	homology-blast	3.47e-107	319.0	93.1	99.1	62.644	yes	NA
Physcomitrium_patens	XP_024359934.1	KAG0565210.1__Ceratodon_purpureus	Ceratodon_purpureus	homology-blast	2.15e-138	398.0	100.0	100.0	66.017	yes	NA
Physcomitrium_patens	XP_024359934.1	KAG0565211.1__Ceratodon_purpureus	Ceratodon_purpureus	homology-blast	2.52e-141	406.0	100.0	100.0	65.922	yes	NA
Physcomitrium_patens	XP_024359934.1	KAG0569138.1__Ceratodon_purpureus	Ceratodon_purpureus	homology-blast	5.56e-05	47.0	9.8	9.1	50.0	no	query coverage 9.8% below 50%
Physcomitrium_patens	XP_024359957.1	KAG0564263.1__Ceratodon_purpureus	Ceratodon_purpureus	homology-blast	1.07e-78	236.0	95.7	97.6	68.447	yes	NA
Physcomitrium_patens	XP_024359957.1	KAH8937738.1__Sphagnum_fallax	Sphagnum_fallax	homology-blast	1.14e-50	164.0	45.0	48.7	75.789	no	query coverage 45.0% below 50%
Physcomitrium_patens	XP_024359957.1	g1673.t1__Blasia_pusilla	Blasia_pusilla	homology-blast	7.83e-47	155.0	45.0	45.9	73.684	no	query coverage 45.0% below 50%
Physcomitrium_patens	XP_024359957.1	g4972.t1__Sphagnum_palustre	Sphagnum_palustre	homology-blast	3.18e-52	167.0	76.8	93.2	57.317	yes	NA
Physcomitrium_patens	XP_024359957.1	jg13838.t1__Bazzania_tridens	Bazzania_tridens	homology-blast	8.04e-37	130.0	45.0	42.2	66.316	no	query coverage 45.0% below 50%
Physcomitrium_patens	XP_024360330.1	KAG0553591.1__Ceratodon_purpureus	Ceratodon_purpureus	homology-blast	5.6e-35	133.0	75.3	77.9	34.286	yes	NA
Physcomitrium_patens	XP_024360330.1	KAG0553973.1__Ceratodon_purpureus	Ceratodon_purpureus	homology-blast	8.43e-33	126.0	83.5	92.1	33.876	yes	NA
Physcomitrium_patens	XP_024360330.1	KAG0554299.1__Ceratodon_purpureus	Ceratodon_purpureus	homology-blast	1.43e-49	171.0	76.4	82.2	37.276	yes	NA
Physcomitrium_patens	XP_024360330.1	KAG0554400.1__Ceratodon_purpureus	Ceratodon_purpureus	homology-blast	3.92e-46	162.0	76.1	80.8	37.589	yes	NA
Physcomitrium_patens	XP_024360330.1	KAG0554401.1__Ceratodon_purpureus	Ceratodon_purpureus	homology-blast	3.88e-51	175.0	76.4	83.0	39.643	yes	NA
Physcomitrium_patens	XP_024360736.1	KAG0556542.1__Ceratodon_purpureus	Ceratodon_purpureus	homology-blast	0.0	711.0	99.5	97.7	86.588	yes	NA
Physcomitrium_patens	XP_024360736.1	KAH8943111.1__Sphagnum_fallax	Sphagnum_fallax	homology-blast	0.0	641.0	97.7	97.9	78.177	yes	NA
Physcomitrium_patens	XP_024360736.1	KAH8968494.1__Sphagnum_fallax	Sphagnum_fallax	homology-blast	0.0	635.0	97.4	97.9	77.404	yes	NA
Physcomitrium_patens	XP_024360736.1	g28207.t1__Sphagnum_palustre	Sphagnum_palustre	homology-blast	1.54e-118	350.0	74.7	94.1	58.551	yes	NA
Physcomitrium_patens	XP_024360736.1	g28208.t1__Sphagnum_palustre	Sphagnum_palustre	homology-blast	9.73e-34	124.0	20.4	66.9	66.667	no	query coverage 20.4% below 50%
Physcomitrium_patens	XP_024361348.1	KAG0557218.1__Ceratodon_purpureus	Ceratodon_purpureus	homology-blast	0.0	1031.0	100.0	99.6	74.272	yes	NA
Physcomitrium_patens	XP_024361348.1	KAG0565518.1__Ceratodon_purpureus	Ceratodon_purpureus	homology-blast	0.0	1055.0	100.0	99.9	71.919	yes	NA
Physcomitrium_patens	XP_024361348.1	KAH8936216.1__Sphagnum_fallax	Sphagnum_fallax	homology-blast	0.0	889.0	90.2	90.8	65.912	yes	NA
Physcomitrium_patens	XP_024361348.1	g11468.t1__Blasia_pusilla	Blasia_pusilla	homology-blast	0.0	717.0	90.4	86.7	53.255	yes	NA
Physcomitrium_patens	XP_024361348.1	g22443.t1__Sphagnum_palustre	Sphagnum_palustre	homology-blast	6.29e-85	271.0	23.9	88.5	67.513	no	query coverage 23.9% below 50%
Physcomitrium_patens	XP_024361386.1	KAG0504614.1__Ceratodon_purpureus	Ceratodon_purpureus	homology-blast	0.0	827.0	100.0	100.0	97.758	yes	NA
Physcomitrium_patens	XP_024361386.1	KAG0553887.1__Ceratodon_purpureus	Ceratodon_purpureus	homology-blast	6e-40	155.0	52.7	18.7	38.589	yes	NA
Physcomitrium_patens	XP_024361386.1	KAG0553893.1__Ceratodon_purpureus	Ceratodon_purpureus	homology-blast	6.29e-40	155.0	52.7	18.7	38.589	yes	NA
Physcomitrium_patens	XP_024361386.1	KAG0553959.1__Ceratodon_purpureus	Ceratodon_purpureus	homology-blast	8.96e-52	187.0	52.5	32.7	41.453	yes	NA
Physcomitrium_patens	XP_024361386.1	KAG0554814.1__Ceratodon_purpureus	Ceratodon_purpureus	homology-blast	7.44e-42	160.0	53.6	29.0	38.272	yes	NA
Physcomitrium_patens	XP_024361707.1	KAG0580243.1__Ceratodon_purpureus	Ceratodon_purpureus	homology-blast	0.0	540.0	99.6	99.6	59.203	yes	NA
Physcomitrium_patens	XP_024361707.1	KAH8948672.1__Sphagnum_fallax	Sphagnum_fallax	homology-blast	4.7e-138	410.0	94.4	93.7	48.0	yes	NA
Physcomitrium_patens	XP_024361707.1	KAH8950394.1__Sphagnum_fallax	Sphagnum_fallax	homology-blast	2.9e-125	378.0	95.4	94.2	46.463	yes	NA
Physcomitrium_patens	XP_024361707.1	KAH8965367.1__Sphagnum_fallax	Sphagnum_fallax	homology-blast	1.41e-157	460.0	95.4	93.7	53.452	yes	NA
Physcomitrium_patens	XP_024361707.1	g12219.t1__Blasia_pusilla	Blasia_pusilla	homology-blast	4.82e-110	339.0	94.4	92.6	39.923	yes	NA
Physcomitrium_patens	XP_024361966.1	KAG0504123.1__Ceratodon_purpureus	Ceratodon_purpureus	homology-blast	2.83e-06	52.4	59.0	32.8	26.408	yes	NA
Physcomitrium_patens	XP_024361966.1	KAG0504156.1__Ceratodon_purpureus	Ceratodon_purpureus	homology-blast	1.05e-06	53.9	48.4	11.4	43.421	no	query coverage 48.4% below 50%
Physcomitrium_patens	XP_024361966.1	KAG0553635.1__Ceratodon_purpureus	Ceratodon_purpureus	homology-blast	9.33e-19	92.0	47.8	31.0	37.751	no	query coverage 47.8% below 50%
Physcomitrium_patens	XP_024361966.1	KAG0553800.1__Ceratodon_purpureus	Ceratodon_purpureus	homology-blast	1.15e-21	100.0	83.9	38.1	26.634	yes	NA
Physcomitrium_patens	XP_024361966.1	KAG0553805.1__Ceratodon_purpureus	Ceratodon_purpureus	homology-blast	2.33e-13	75.1	69.0	60.6	28.71	yes	NA
Physcomitrium_patens	XP_024362154.1	KAG0558285.1__Ceratodon_purpureus	Ceratodon_purpureus	homology-blast	3.7e-53	181.0	48.8	72.1	52.632	no	query coverage 48.8% below 50%
Physcomitrium_patens	XP_024362154.1	KAG0571107.1__Ceratodon_purpureus	Ceratodon_purpureus	homology-blast	5.31e-93	290.0	64.2	56.7	57.299	yes	NA
Physcomitrium_patens	XP_024362154.1	KAG0581799.1__Ceratodon_purpureus	Ceratodon_purpureus	homology-blast	1.56e-176	501.0	98.3	98.6	73.302	yes	NA
Physcomitrium_patens	XP_024362154.1	KAH8960759.1__Sphagnum_fallax	Sphagnum_fallax	homology-blast	3.65e-95	293.0	57.8	59.8	61.224	yes	NA
Physcomitrium_patens	XP_024362154.1	KAH8976258.1__Sphagnum_fallax	Sphagnum_fallax	homology-blast	1.71e-118	352.0	62.5	67.3	72.18	yes	NA
Physcomitrium_patens	XP_024362176.1	KAG0555413.1__Ceratodon_purpureus	Ceratodon_purpureus	homology-blast	3.41e-21	94.4	44.1	34.8	52.518	no	query coverage 44.1% below 50%
Physcomitrium_patens	XP_024362176.1	KAG0581985.1__Ceratodon_purpureus	Ceratodon_purpureus	homology-blast	8.64e-17	82.4	52.3	40.6	45.294	yes	NA
Physcomitrium_patens	XP_024362176.1	KAH8952238.1__Sphagnum_fallax	Sphagnum_fallax	homology-blast	0.000136	45.4	34.2	27.1	31.707	no	query coverage 34.2% below 50%
Physcomitrium_patens	XP_024362176.1	g31596.t1__Sphagnum_palustre	Sphagnum_palustre	homology-blast	0.000175	45.1	34.5	27.0	32.258	no	query coverage 34.5% below 50%
Physcomitrium_patens	XP_024362176.1	jg23234.t1__Syntrichia_ruralis	Syntrichia_ruralis	homology-blast	3.07e-17	83.2	70.1	54.4	36.726	yes	NA
Physcomitrium_patens	XP_024362270.1	KAG0563892.1__Ceratodon_purpureus	Ceratodon_purpureus	homology-blast	8.97e-05	47.8	12.5	11.8	38.462	no	query coverage 12.5% below 50%
Physcomitrium_patens	XP_024362270.1	KAG0582131.1__Ceratodon_purpureus	Ceratodon_purpureus	homology-blast	0.0	560.0	100.0	100.0	61.326	yes	NA
Physcomitrium_patens	XP_024362270.1	KAH8931788.1__Sphagnum_fallax	Sphagnum_fallax	homology-blast	0.000283	45.8	8.6	8.9	42.222	no	query coverage 8.6% below 50%
Physcomitrium_patens	XP_024362270.1	KAH8962275.1__Sphagnum_fallax	Sphagnum_fallax	homology-blast	3.42e-143	426.0	55.7	48.6	68.621	yes	NA
Physcomitrium_patens	XP_024362270.1	g13252.t1__Sphagnum_palustre	Sphagnum_palustre	homology-blast	1.04e-145	430.0	93.7	91.0	49.304	yes	NA
Physcomitrium_patens	XP_024362524.1	KAG0553767.1__Ceratodon_purpureus	Ceratodon_purpureus	homology-blast	2.69e-117	335.0	93.4	68.1	83.152	yes	NA
Physcomitrium_patens	XP_024362524.1	KAH8946271.1__Sphagnum_fallax	Sphagnum_fallax	homology-blast	2.23e-87	256.0	90.9	93.8	68.889	yes	NA
Physcomitrium_patens	XP_024362524.1	KAH8946274.1__Sphagnum_fallax	Sphagnum_fallax	homology-blast	2.33e-109	315.0	89.3	64.5	79.545	yes	NA
Physcomitrium_patens	XP_024362524.1	KAH8952876.1__Sphagnum_fallax	Sphagnum_fallax	homology-blast	3.34e-107	307.0	92.4	95.3	74.725	yes	NA
Physcomitrium_patens	XP_024362524.1	KAH8968781.1__Sphagnum_fallax	Sphagnum_fallax	homology-blast	5.09e-71	213.0	59.9	100.0	79.661	yes	NA
Physcomitrium_patens	XP_024362563.1	KAG0504127.1__Ceratodon_purpureus	Ceratodon_purpureus	homology-blast	3.15e-13	73.9	16.0	20.2	44.211	no	query coverage 16.0% below 50%
Physcomitrium_patens	XP_024362563.1	KAG0554654.1__Ceratodon_purpureus	Ceratodon_purpureus	homology-blast	1.74e-07	55.8	11.5	10.6	50.909	no	query coverage 11.5% below 50%
Physcomitrium_patens	XP_024362563.1	KAG0554662.1__Ceratodon_purpureus	Ceratodon_purpureus	homology-blast	1.22e-158	461.0	99.8	95.1	57.6	yes	NA
Physcomitrium_patens	XP_024362563.1	KAG0554780.1__Ceratodon_purpureus	Ceratodon_purpureus	homology-blast	6.21e-17	85.5	17.9	18.2	51.136	no	query coverage 17.9% below 50%
Physcomitrium_patens	XP_024362563.1	KAG0554781.1__Ceratodon_purpureus	Ceratodon_purpureus	homology-blast	1.58e-12	71.2	14.0	17.8	47.826	no	query coverage 14.0% below 50%
Physcomitrium_patens	XP_024362659.1	KAG0555034.1__Ceratodon_purpureus	Ceratodon_purpureus	homology-blast	0.0	1924.0	96.0	96.6	92.315	yes	NA
Physcomitrium_patens	XP_024362659.1	KAG0556832.1__Ceratodon_purpureus	Ceratodon_purpureus	homology-blast	0.0	751.0	86.2	93.9	42.033	yes	NA
Physcomitrium_patens	XP_024362659.1	KAG0574753.1__Ceratodon_purpureus	Ceratodon_purpureus	homology-blast	0.0	1437.0	95.1	90.0	69.208	yes	NA
Physcomitrium_patens	XP_024362659.1	KAG0575969.1__Ceratodon_purpureus	Ceratodon_purpureus	homology-blast	0.001	45.4	20.6	48.9	22.477	no	query coverage 20.6% below 50%
Physcomitrium_patens	XP_024362659.1	KAG0578655.1__Ceratodon_purpureus	Ceratodon_purpureus	homology-blast	8.12e-36	135.0	14.2	83.6	46.622	no	query coverage 14.2% below 50%
Physcomitrium_patens	XP_024362664.1	KAG0564856.1__Ceratodon_purpureus	Ceratodon_purpureus	homology-blast	3.76e-09	54.7	11.9	56.1	70.27	no	query coverage 11.9% below 50%
Physcomitrium_patens	XP_024362664.1	KAG0582466.1__Ceratodon_purpureus	Ceratodon_purpureus	homology-blast	3.76e-156	441.0	99.7	95.9	77.707	yes	NA
Physcomitrium_patens	XP_024362664.1	KAH8946459.1__Sphagnum_fallax	Sphagnum_fallax	homology-blast	3.87e-128	372.0	96.5	76.0	69.767	yes	NA
Physcomitrium_patens	XP_024362664.1	KAH8957669.1__Sphagnum_fallax	Sphagnum_fallax	homology-blast	8.23e-122	356.0	100.0	84.2	61.585	yes	NA
Physcomitrium_patens	XP_024362664.1	g10061.t1__Blasia_pusilla	Blasia_pusilla	homology-blast	1.18e-90	277.0	92.3	74.3	52.614	yes	NA
Physcomitrium_patens	XP_024362986.1	KAG0504139.1__Ceratodon_purpureus	Ceratodon_purpureus	homology-blast	2.58e-10	63.9	65.5	84.9	25.413	yes	NA
Physcomitrium_patens	XP_024362986.1	KAG0504302.1__Ceratodon_purpureus	Ceratodon_purpureus	homology-blast	2.75e-08	55.1	26.7	70.1	29.06	no	query coverage 26.7% below 50%
Physcomitrium_patens	XP_024362986.1	KAG0554990.1__Ceratodon_purpureus	Ceratodon_purpureus	homology-blast	1.73e-06	52.0	50.6	68.1	26.36	yes	NA
Physcomitrium_patens	XP_024362986.1	KAG0557139.1__Ceratodon_purpureus	Ceratodon_purpureus	homology-blast	4.06e-16	81.6	64.3	79.7	28.71	yes	NA
Physcomitrium_patens	XP_024362986.1	KAG0557241.1__Ceratodon_purpureus	Ceratodon_purpureus	homology-blast	7.81e-11	65.1	65.5	98.4	27.385	yes	NA
Physcomitrium_patens	XP_024363381.1	KAG0581774.1__Ceratodon_purpureus	Ceratodon_purpureus	homology-blast	5.71e-167	474.0	85.5	85.4	72.024	yes	NA
Physcomitrium_patens	XP_024363381.1	KAH8972217.1__Sphagnum_fallax	Sphagnum_fallax	homology-blast	2.51e-122	362.0	79.5	75.4	58.255	yes	NA
Physcomitrium_patens	XP_024363381.1	g22499.t1__Sphagnum_palustre	Sphagnum_palustre	homology-blast	1.84e-124	368.0	79.5	73.5	57.407	yes	NA
Physcomitrium_patens	XP_024363381.1	jg13550.t1__Syntrichia_ruralis	Syntrichia_ruralis	homology-blast	9.28e-103	308.0	85.2	90.5	52.87	yes	NA
Physcomitrium_patens	XP_024363381.1	jg16133.t1__Bazzania_tridens	Bazzania_tridens	homology-blast	1.2e-107	325.0	77.5	69.3	55.375	yes	NA
Physcomitrium_patens	XP_024363526.1	KAG0570744.1__Ceratodon_purpureus	Ceratodon_purpureus	homology-blast	0.0	583.0	98.8	97.0	66.521	yes	NA
Physcomitrium_patens	XP_024363526.1	KAG0575645.1__Ceratodon_purpureus	Ceratodon_purpureus	homology-blast	1.14e-09	62.8	52.4	29.7	28.049	yes	NA
Physcomitrium_patens	XP_024363526.1	KAH8937541.1__Sphagnum_fallax	Sphagnum_fallax	homology-blast	0.0	526.0	98.8	94.7	60.356	yes	NA
Physcomitrium_patens	XP_024363526.1	KAH8954399.1__Sphagnum_fallax	Sphagnum_fallax	homology-blast	2.31e-06	52.4	52.4	31.0	24.896	yes	NA
Physcomitrium_patens	XP_024363526.1	g12557.t1__Sphagnum_palustre	Sphagnum_palustre	homology-blast	0.000222	46.2	52.4	33.6	21.705	yes	NA
Physcomitrium_patens	XP_024363727.1	KAG0554070.1__Ceratodon_purpureus	Ceratodon_purpureus	homology-blast	0.0	530.0	98.1	94.3	69.78	yes	NA
Physcomitrium_patens	XP_024363727.1	KAG0584131.1__Ceratodon_purpureus	Ceratodon_purpureus	homology-blast	0.0	525.0	96.8	96.7	69.081	yes	NA
Physcomitrium_patens	XP_024363727.1	KAH8968704.1__Sphagnum_fallax	Sphagnum_fallax	homology-blast	3.62e-158	450.0	88.9	90.4	63.746	yes	NA
Physcomitrium_patens	XP_024363727.1	KAH8971252.1__Sphagnum_fallax	Sphagnum_fallax	homology-blast	1.31e-153	439.0	90.8	91.1	61.947	yes	NA
Physcomitrium_patens	XP_024363727.1	KAH8973743.1__Sphagnum_fallax	Sphagnum_fallax	homology-blast	3.5e-119	347.0	68.2	100.0	64.173	yes	NA
Physcomitrium_patens	XP_024364035.1	KAG0555648.1__Ceratodon_purpureus	Ceratodon_purpureus	homology-blast	3.6e-91	261.0	100.0	100.0	94.815	yes	NA
Physcomitrium_patens	XP_024364035.1	KAG0558997.1__Ceratodon_purpureus	Ceratodon_purpureus	homology-blast	7.22e-89	259.0	100.0	59.2	94.074	yes	NA
Physcomitrium_patens	XP_024364035.1	KAG0566518.1__Ceratodon_purpureus	Ceratodon_purpureus	homology-blast	6.79e-92	263.0	100.0	100.0	95.556	yes	NA
Physcomitrium_patens	XP_024364035.1	KAG0582166.1__Ceratodon_purpureus	Ceratodon_purpureus	homology-blast	5.18e-90	259.0	100.0	100.0	93.333	yes	NA
Physcomitrium_patens	XP_024364035.1	KAH8935556.1__Sphagnum_fallax	Sphagnum_fallax	homology-blast	2.47e-87	252.0	100.0	100.0	91.111	yes	NA
Physcomitrium_patens	XP_024364108.1	KAG0554062.1__Ceratodon_purpureus	Ceratodon_purpureus	homology-blast	2.89e-06	51.6	6.0	7.9	67.857	no	query coverage 6.0% below 50%
Physcomitrium_patens	XP_024364108.1	KAG0568825.1__Ceratodon_purpureus	Ceratodon_purpureus	homology-blast	8.66e-41	152.0	54.7	63.1	35.741	yes	NA
Physcomitrium_patens	XP_024364108.1	KAG0582086.1__Ceratodon_purpureus	Ceratodon_purpureus	homology-blast	0.0	797.0	100.0	100.0	83.262	yes	NA
Physcomitrium_patens	XP_024364108.1	KAH8950250.1__Sphagnum_fallax	Sphagnum_fallax	homology-blast	0.0	577.0	85.8	85.8	67.734	yes	NA
Physcomitrium_patens	XP_024364108.1	KAH8968561.1__Sphagnum_fallax	Sphagnum_fallax	homology-blast	1.83e-166	474.0	70.0	99.7	67.879	yes	NA
Physcomitrium_patens	XP_024364383.1	KAG0553679.1__Ceratodon_purpureus	Ceratodon_purpureus	homology-blast	1.41e-90	285.0	97.0	96.9	46.383	yes	NA
Physcomitrium_patens	XP_024364383.1	KAG0556081.1__Ceratodon_purpureus	Ceratodon_purpureus	homology-blast	2.85e-26	112.0	44.8	50.9	38.839	no	query coverage 44.8% below 50%
Physcomitrium_patens	XP_024364383.1	KAG0585114.1__Ceratodon_purpureus	Ceratodon_purpureus	homology-blast	3.59e-123	367.0	100.0	100.0	53.684	yes	NA
Physcomitrium_patens	XP_024364383.1	KAH8938333.1__Sphagnum_fallax	Sphagnum_fallax	homology-blast	1.25e-13	75.1	29.8	33.3	35.256	no	query coverage 29.8% below 50%
Physcomitrium_patens	XP_024364383.1	KAH8957583.1__Sphagnum_fallax	Sphagnum_fallax	homology-blast	7.72e-10	63.2	29.8	35.4	30.189	no	query coverage 29.8% below 50%
Physcomitrium_patens	XP_024364915.1	KAG0504490.1__Ceratodon_purpureus	Ceratodon_purpureus	homology-blast	4.94e-38	149.0	63.1	59.1	27.989	yes	NA
Physcomitrium_patens	XP_024364915.1	KAG0553844.1__Ceratodon_purpureus	Ceratodon_purpureus	homology-blast	1.4e-43	166.0	63.1	55.1	29.474	yes	NA
Physcomitrium_patens	XP_024364915.1	KAG0554879.1__Ceratodon_purpureus	Ceratodon_purpureus	homology-blast	4.18e-47	177.0	63.1	44.9	31.768	yes	NA
Physcomitrium_patens	XP_024364915.1	KAG0557630.1__Ceratodon_purpureus	Ceratodon_purpureus	homology-blast	4.94e-38	149.0	63.1	59.1	27.989	yes	NA
Physcomitrium_patens	XP_024364915.1	KAG0558453.1__Ceratodon_purpureus	Ceratodon_purpureus	homology-blast	0.0	650.0	99.4	98.9	61.792	yes	NA
Physcomitrium_patens	XP_024364977.1	KAG0504262.1__Ceratodon_purpureus	Ceratodon_purpureus	homology-blast	3.55e-09	61.6	60.6	55.1	24.478	yes	NA
Physcomitrium_patens	XP_024364977.1	KAG0555530.1__Ceratodon_purpureus	Ceratodon_purpureus	homology-blast	1.81e-74	248.0	73.9	75.3	34.396	yes	NA
Physcomitrium_patens	XP_024364977.1	KAG0555533.1__Ceratodon_purpureus	Ceratodon_purpureus	homology-blast	2.12e-78	254.0	73.9	95.2	34.198	yes	NA
Physcomitrium_patens	XP_024364977.1	KAG0556067.1__Ceratodon_purpureus	Ceratodon_purpureus	homology-blast	8.6e-09	60.1	68.1	78.1	22.906	yes	NA
Physcomitrium_patens	XP_024364977.1	KAG0557708.1__Ceratodon_purpureus	Ceratodon_purpureus	homology-blast	5.43e-98	308.0	80.1	79.6	37.558	yes	NA
Physcomitrium_patens	XP_024365210.1	KAG0554010.1__Ceratodon_purpureus	Ceratodon_purpureus	homology-blast	1.91e-60	190.0	84.5	81.0	49.444	yes	NA
Physcomitrium_patens	XP_024365210.1	KAG0554165.1__Ceratodon_purpureus	Ceratodon_purpureus	homology-blast	5.99e-52	174.0	80.8	43.5	48.837	yes	NA
Physcomitrium_patens	XP_024365210.1	KAG0556133.1__Ceratodon_purpureus	Ceratodon_purpureus	homology-blast	4.29e-138	389.0	99.5	80.9	93.868	yes	NA
Physcomitrium_patens	XP_024365210.1	KAG0561144.1__Ceratodon_purpureus	Ceratodon_purpureus	homology-blast	3.3e-31	115.0	72.8	78.6	38.272	yes	NA
Physcomitrium_patens	XP_024365210.1	KAG0561281.1__Ceratodon_purpureus	Ceratodon_purpureus	homology-blast	4.39e-33	120.0	77.0	78.5	34.756	yes	NA
Physcomitrium_patens	XP_024365615.1	KAG0504161.1__Ceratodon_purpureus	Ceratodon_purpureus	homology-blast	5.38e-51	166.0	99.5	75.6	72.396	yes	NA
Physcomitrium_patens	XP_024365615.1	KAG0556607.1__Ceratodon_purpureus	Ceratodon_purpureus	homology-blast	2.01e-07	51.2	26.8	26.7	47.059	no	query coverage 26.8% below 50%
Physcomitrium_patens	XP_024365615.1	KAG0564892.1__Ceratodon_purpureus	Ceratodon_purpureus	homology-blast	4.19e-08	53.1	26.3	24.6	50.0	no	query coverage 26.3% below 50%
Physcomitrium_patens	XP_024365615.1	KAG0577769.1__Ceratodon_purpureus	Ceratodon_purpureus	homology-blast	3.59e-50	165.0	99.5	70.3	71.875	yes	NA
Physcomitrium_patens	XP_024365615.1	KAG0577773.1__Ceratodon_purpureus	Ceratodon_purpureus	homology-blast	5.38e-51	166.0	99.5	75.6	72.396	yes	NA
Physcomitrium_patens	XP_024365623.1	KAG0560292.1__Ceratodon_purpureus	Ceratodon_purpureus	homology-blast	1.16e-15	78.6	44.1	39.2	40.816	no	query coverage 44.1% below 50%
Physcomitrium_patens	XP_024365623.1	KAG0564040.1__Ceratodon_purpureus	Ceratodon_purpureus	homology-blast	2.34e-101	299.0	73.2	91.6	69.869	yes	NA
Physcomitrium_patens	XP_024365623.1	KAG0564257.1__Ceratodon_purpureus	Ceratodon_purpureus	homology-blast	2e-12	67.8	58.8	71.8	32.161	yes	NA
Physcomitrium_patens	XP_024365623.1	KAG0566703.1__Ceratodon_purpureus	Ceratodon_purpureus	homology-blast	8.49e-15	74.7	45.0	58.0	38.0	no	query coverage 45.0% below 50%
Physcomitrium_patens	XP_024365623.1	KAG0566940.1__Ceratodon_purpureus	Ceratodon_purpureus	homology-blast	1.39e-14	73.9	43.1	57.4	37.226	no	query coverage 43.1% below 50%
Physcomitrium_patens	XP_024365739.1	KAG0576061.1__Ceratodon_purpureus	Ceratodon_purpureus	homology-blast	0.0	525.0	72.5	73.2	75.524	yes	NA
Physcomitrium_patens	XP_024365739.1	KAH8946294.1__Sphagnum_fallax	Sphagnum_fallax	homology-blast	4.04e-141	425.0	72.6	71.9	59.188	yes	NA
Physcomitrium_patens	XP_024365739.1	KAH8952844.1__Sphagnum_fallax	Sphagnum_fallax	homology-blast	1.01e-35	144.0	20.7	18.5	79.167	no	query coverage 20.7% below 50%
Physcomitrium_patens	XP_024365739.1	g13743.t1__Sphagnum_palustre	Sphagnum_palustre	homology-blast	1.1e-35	144.0	20.7	18.4	78.333	no	query coverage 20.7% below 50%
Physcomitrium_patens	XP_024365739.1	g16642.t1__Sphagnum_palustre	Sphagnum_palustre	homology-blast	3.12e-116	360.0	66.6	71.0	55.862	yes	NA
Physcomitrium_patens	XP_024366413.1	KAG0504603.1__Ceratodon_purpureus	Ceratodon_purpureus	homology-blast	0.0	557.0	97.7	97.2	55.744	yes	NA
Physcomitrium_patens	XP_024366413.1	KAG0504604.1__Ceratodon_purpureus	Ceratodon_purpureus	homology-blast	0.0	557.0	97.7	97.2	55.744	yes	NA
Physcomitrium_patens	XP_024366413.1	KAG0504610.1__Ceratodon_purpureus	Ceratodon_purpureus	homology-blast	0.0	534.0	99.4	98.3	53.519	yes	NA
Physcomitrium_patens	XP_024366413.1	KAG0556040.1__Ceratodon_purpureus	Ceratodon_purpureus	homology-blast	1.89e-112	347.0	93.8	90.4	40.583	yes	NA
Physcomitrium_patens	XP_024366413.1	KAG0556073.1__Ceratodon_purpureus	Ceratodon_purpureus	homology-blast	1.25e-118	363.0	95.7	95.0	39.755	yes	NA
Physcomitrium_patens	XP_024366567.1	KAG0589591.1__Ceratodon_purpureus	Ceratodon_purpureus	homology-blast	0.0	766.0	100.0	99.8	79.794	yes	NA
Physcomitrium_patens	XP_024366567.1	KAH8962602.1__Sphagnum_fallax	Sphagnum_fallax	homology-blast	0.0	568.0	100.0	99.6	60.465	yes	NA
Physcomitrium_patens	XP_024366567.1	g10819.t1__Sphagnum_palustre	Sphagnum_palustre	homology-blast	0.000548	44.7	11.8	12.5	45.614	no	query coverage 11.8% below 50%
Physcomitrium_patens	XP_024366567.1	g1275.t1__Sphagnum_palustre	Sphagnum_palustre	homology-blast	2.17e-24	99.4	19.6	89.7	52.083	no	query coverage 19.6% below 50%
Physcomitrium_patens	XP_024366567.1	g1811.t1__Sphagnum_palustre	Sphagnum_palustre	homology-blast	0.0	567.0	100.0	99.6	59.806	yes	NA
Physcomitrium_patens	XP_024367324.1	KAG0557558.1__Ceratodon_purpureus	Ceratodon_purpureus	homology-blast	7.82e-12	69.7	11.9	14.1	53.846	no	query coverage 11.9% below 50%
Physcomitrium_patens	XP_024367324.1	KAG0558112.1__Ceratodon_purpureus	Ceratodon_purpureus	homology-blast	0.000111	47.4	9.9	10.2	41.509	no	query coverage 9.9% below 50%
Physcomitrium_patens	XP_024367324.1	KAG0559375.1__Ceratodon_purpureus	Ceratodon_purpureus	homology-blast	7.46e-11	67.0	11.9	13.7	52.308	no	query coverage 11.9% below 50%
Physcomitrium_patens	XP_024367324.1	KAG0559841.1__Ceratodon_purpureus	Ceratodon_purpureus	homology-blast	3.23e-05	49.3	13.2	10.5	38.028	no	query coverage 13.2% below 50%
Physcomitrium_patens	XP_024367324.1	KAG0559862.1__Ceratodon_purpureus	Ceratodon_purpureus	homology-blast	0.00063	45.1	19.1	12.3	35.577	no	query coverage 19.1% below 50%
Physcomitrium_patens	XP_024367422.1	KAG0574631.1__Ceratodon_purpureus	Ceratodon_purpureus	homology-blast	0.0	566.0	100.0	100.0	78.01	yes	NA
Physcomitrium_patens	XP_024367422.1	KAH8952442.1__Sphagnum_fallax	Sphagnum_fallax	homology-blast	5.61e-157	447.0	94.4	98.0	65.254	yes	NA
Physcomitrium_patens	XP_024367422.1	g24241.t1__Sphagnum_palustre	Sphagnum_palustre	homology-blast	2.51e-158	450.0	94.4	98.0	65.449	yes	NA
Physcomitrium_patens	XP_024367422.1	g34367.t1__Sphagnum_palustre	Sphagnum_palustre	homology-blast	2.8e-158	450.0	94.4	98.0	65.254	yes	NA
Physcomitrium_patens	XP_024367422.1	g464.t1__Blasia_pusilla	Blasia_pusilla	homology-blast	1.01e-120	356.0	87.7	87.7	59.821	yes	NA
Physcomitrium_patens	XP_024367793.1	KAG0574879.1__Ceratodon_purpureus	Ceratodon_purpureus	homology-blast	0.0	563.0	97.8	96.5	56.806	yes	NA
Physcomitrium_patens	XP_024367793.1	jg11199.t1__Bazzania_tridens	Bazzania_tridens	homology-blast	7.28e-19	93.2	65.2	21.7	27.387	yes	NA
Physcomitrium_patens	XP_024367793.1	jg19716.t1__Syntrichia_ruralis	Syntrichia_ruralis	homology-blast	2.96e-48	170.0	29.7	62.0	55.814	no	query coverage 29.7% below 50%
Physcomitrium_patens	XP_024367793.1	jg24255.t1__Fossombronia_cristula	Fossombronia_cristula	homology-blast	2.17e-13	75.9	17.6	7.0	37.19	no	query coverage 17.6% below 50%
Physcomitrium_patens	XP_024367793.1	jg984.t1__Syntrichia_ruralis	Syntrichia_ruralis	homology-blast	5.75e-51	176.0	29.7	74.3	56.977	no	query coverage 29.7% below 50%
Physcomitrium_patens	XP_024368078.1	KAG0557223.1__Ceratodon_purpureus	Ceratodon_purpureus	homology-blast	1.89e-97	288.0	99.6	98.1	64.151	yes	NA
Physcomitrium_patens	XP_024368078.1	KAG0562666.1__Ceratodon_purpureus	Ceratodon_purpureus	homology-blast	4.15e-31	119.0	94.7	75.6	33.465	yes	NA
Physcomitrium_patens	XP_024368078.1	KAG0589060.1__Ceratodon_purpureus	Ceratodon_purpureus	homology-blast	1.06e-118	342.0	100.0	100.0	75.655	yes	NA
Physcomitrium_patens	XP_024368078.1	KAG0591736.1__Ceratodon_purpureus	Ceratodon_purpureus	homology-blast	5.38e-29	112.0	82.2	79.1	31.963	yes	NA
Physcomitrium_patens	XP_024368078.1	KAG0591740.1__Ceratodon_purpureus	Ceratodon_purpureus	homology-blast	2.94e-26	105.0	75.0	70.4	32.0	yes	NA
Physcomitrium_patens	XP_024368164.1	KAG0562512.1__Ceratodon_purpureus	Ceratodon_purpureus	homology-blast	1.46e-99	303.0	73.5	77.2	52.649	yes	NA
Physcomitrium_patens	XP_024368164.1	KAG0564646.1__Ceratodon_purpureus	Ceratodon_purpureus	homology-blast	7.76e-05	47.0	34.6	33.9	26.087	no	query coverage 34.6% below 50%
Physcomitrium_patens	XP_024368164.1	KAG0569018.1__Ceratodon_purpureus	Ceratodon_purpureus	homology-blast	1.43e-93	287.0	71.0	75.7	51.601	yes	NA
Physcomitrium_patens	XP_024368164.1	KAG0569237.1__Ceratodon_purpureus	Ceratodon_purpureus	homology-blast	1.98e-169	480.0	91.9	91.2	69.589	yes	NA
Physcomitrium_patens	XP_024368164.1	KAG0570682.1__Ceratodon_purpureus	Ceratodon_purpureus	homology-blast	9.75e-05	47.0	45.5	24.7	21.693	no	query coverage 45.5% below 50%
Physcomitrium_patens	XP_024368710.1	KAG0556828.1__Ceratodon_purpureus	Ceratodon_purpureus	homology-blast	4.6e-18	87.8	18.7	19.8	43.75	no	query coverage 18.7% below 50%
Physcomitrium_patens	XP_024368710.1	KAG0558048.1__Ceratodon_purpureus	Ceratodon_purpureus	homology-blast	2.53e-21	98.6	18.9	14.3	48.75	no	query coverage 18.9% below 50%
Physcomitrium_patens	XP_024368710.1	KAG0558904.1__Ceratodon_purpureus	Ceratodon_purpureus	homology-blast	3.93e-13	71.2	19.4	33.5	34.146	no	query coverage 19.4% below 50%
Physcomitrium_patens	XP_024368710.1	KAG0560555.1__Ceratodon_purpureus	Ceratodon_purpureus	homology-blast	4.12e-162	464.0	99.8	99.8	64.965	yes	NA
Physcomitrium_patens	XP_024368710.1	KAG0560855.1__Ceratodon_purpureus	Ceratodon_purpureus	homology-blast	0.0	553.0	100.0	100.0	78.22	yes	NA
Physcomitrium_patens	XP_024369066.1	KAG0569485.1__Ceratodon_purpureus	Ceratodon_purpureus	homology-blast	7.16e-121	355.0	100.0	96.5	56.818	yes	NA
Physcomitrium_patens	XP_024369066.1	KAG0584087.1__Ceratodon_purpureus	Ceratodon_purpureus	homology-blast	2.26e-57	194.0	55.2	56.7	49.785	yes	NA
Physcomitrium_patens	XP_024369066.1	KAG0585794.1__Ceratodon_purpureus	Ceratodon_purpureus	homology-blast	5.5e-152	438.0	99.5	88.4	64.02	yes	NA
Physcomitrium_patens	XP_024369066.1	KAH8940061.1__Sphagnum_fallax	Sphagnum_fallax	homology-blast	0.000344	45.1	31.3	17.5	30.769	no	query coverage 31.3% below 50%
Physcomitrium_patens	XP_024369066.1	KAH8940897.1__Sphagnum_fallax	Sphagnum_fallax	homology-blast	0.000158	44.3	23.7	62.3	27.885	no	query coverage 23.7% below 50%
Physcomitrium_patens	XP_024369758.1	KAG0504357.1__Ceratodon_purpureus	Ceratodon_purpureus	homology-blast	8e-17	85.1	16.2	25.4	41.905	no	query coverage 16.2% below 50%
Physcomitrium_patens	XP_024369758.1	KAG0554585.1__Ceratodon_purpureus	Ceratodon_purpureus	homology-blast	8.71e-40	156.0	21.0	20.4	55.556	no	query coverage 21.0% below 50%
Physcomitrium_patens	XP_024369758.1	KAG0560833.1__Ceratodon_purpureus	Ceratodon_purpureus	homology-blast	1.92e-25	114.0	12.3	21.2	56.962	no	query coverage 12.3% below 50%
Physcomitrium_patens	XP_024369758.1	KAG0561596.1__Ceratodon_purpureus	Ceratodon_purpureus	homology-blast	2.08e-19	95.1	11.5	10.9	54.667	no	query coverage 11.5% below 50%
Physcomitrium_patens	XP_024369758.1	KAG0562470.1__Ceratodon_purpureus	Ceratodon_purpureus	homology-blast	1.16e-27	120.0	12.6	12.2	62.963	no	query coverage 12.6% below 50%
Physcomitrium_patens	XP_024370071.1	KAG0555507.1__Ceratodon_purpureus	Ceratodon_purpureus	homology-blast	0.000219	47.8	25.3	37.0	21.538	no	query coverage 25.3% below 50%
Physcomitrium_patens	XP_024370071.1	KAG0561350.1__Ceratodon_purpureus	Ceratodon_purpureus	homology-blast	1.56e-06	54.7	45.9	37.6	24.766	no	query coverage 45.9% below 50%
Physcomitrium_patens	XP_024370071.1	KAG0562388.1__Ceratodon_purpureus	Ceratodon_purpureus	homology-blast	0.000676	46.2	15.7	16.7	28.221	no	query coverage 15.7% below 50%
Physcomitrium_patens	XP_024370071.1	KAG0562763.1__Ceratodon_purpureus	Ceratodon_purpureus	homology-blast	0.000681	46.2	26.4	27.7	21.111	no	query coverage 26.4% below 50%
Physcomitrium_patens	XP_024370071.1	KAG0571251.1__Ceratodon_purpureus	Ceratodon_purpureus	homology-blast	0.00039	47.0	24.7	40.5	22.184	no	query coverage 24.7% below 50%
Physcomitrium_patens	XP_024370153.1	KAG0553591.1__Ceratodon_purpureus	Ceratodon_purpureus	homology-blast	7.7e-55	184.0	88.2	85.5	38.591	yes	NA
Physcomitrium_patens	XP_024370153.1	KAG0553973.1__Ceratodon_purpureus	Ceratodon_purpureus	homology-blast	1.76e-51	174.0	97.2	98.4	35.11	yes	NA
Physcomitrium_patens	XP_024370153.1	KAG0554299.1__Ceratodon_purpureus	Ceratodon_purpureus	homology-blast	4.19e-101	302.0	96.9	97.5	50.157	yes	NA
Physcomitrium_patens	XP_024370153.1	KAG0554400.1__Ceratodon_purpureus	Ceratodon_purpureus	homology-blast	1.47e-86	265.0	96.0	97.3	46.319	yes	NA
Physcomitrium_patens	XP_024370153.1	KAG0554401.1__Ceratodon_purpureus	Ceratodon_purpureus	homology-blast	6.14e-93	281.0	95.7	96.0	49.367	yes	NA
Physcomitrium_patens	XP_024371662.1	KAG0567174.1__Ceratodon_purpureus	Ceratodon_purpureus	homology-blast	5.89e-05	48.5	13.0	18.6	36.458	no	query coverage 13.0% below 50%
Physcomitrium_patens	XP_024371662.1	KAG0569975.1__Ceratodon_purpureus	Ceratodon_purpureus	homology-blast	9.71e-31	129.0	53.7	44.5	27.761	yes	NA
Physcomitrium_patens	XP_024371662.1	KAG0579227.1__Ceratodon_purpureus	Ceratodon_purpureus	homology-blast	9.57e-21	98.6	53.7	49.3	25.959	yes	NA
Physcomitrium_patens	XP_024371662.1	KAG0579395.1__Ceratodon_purpureus	Ceratodon_purpureus	homology-blast	0.0	928.0	100.0	100.0	80.317	yes	NA
Physcomitrium_patens	XP_024371662.1	KAG0582980.1__Ceratodon_purpureus	Ceratodon_purpureus	homology-blast	7.56e-10	63.9	50.6	59.7	23.636	yes	NA
Physcomitrium_patens	XP_024372292.1	KAG0553395.1__Ceratodon_purpureus	Ceratodon_purpureus	homology-blast	2.63e-86	253.0	88.3	85.7	75.472	yes	NA
Physcomitrium_patens	XP_024372292.1	KAG0556704.1__Ceratodon_purpureus	Ceratodon_purpureus	homology-blast	2.42e-83	246.0	85.5	83.1	74.839	yes	NA
Physcomitrium_patens	XP_024372292.1	KAG0563568.1__Ceratodon_purpureus	Ceratodon_purpureus	homology-blast	1.22e-85	251.0	86.0	83.5	78.065	yes	NA
Physcomitrium_patens	XP_024372292.1	KAG0564967.1__Ceratodon_purpureus	Ceratodon_purpureus	homology-blast	8.2e-85	249.0	85.5	83.0	77.922	yes	NA
Physcomitrium_patens	XP_024372292.1	KAG0564968.1__Ceratodon_purpureus	Ceratodon_purpureus	homology-blast	8.2e-85	249.0	85.5	83.0	77.922	yes	NA
Physcomitrium_patens	XP_024372447.1	KAG0561121.1__Ceratodon_purpureus	Ceratodon_purpureus	homology-blast	0.0	849.0	96.1	97.2	73.684	yes	NA
Physcomitrium_patens	XP_024372447.1	KAG0575634.1__Ceratodon_purpureus	Ceratodon_purpureus	homology-blast	2.47e-112	348.0	83.1	87.8	40.304	yes	NA
Physcomitrium_patens	XP_024372447.1	KAG0583456.1__Ceratodon_purpureus	Ceratodon_purpureus	homology-blast	2.32e-108	338.0	83.1	87.8	39.924	yes	NA
Physcomitrium_patens	XP_024372447.1	KAH8931353.1__Sphagnum_fallax	Sphagnum_fallax	homology-blast	1.01e-113	351.0	83.5	95.4	40.37	yes	NA
Physcomitrium_patens	XP_024372447.1	KAH8948953.1__Sphagnum_fallax	Sphagnum_fallax	homology-blast	0.0	652.0	79.6	99.6	64.73	yes	NA
Physcomitrium_patens	XP_024372556.1	KAG0553831.1__Ceratodon_purpureus	Ceratodon_purpureus	homology-blast	0.0	890.0	95.4	98.6	83.567	yes	NA
Physcomitrium_patens	XP_024372556.1	KAG0589443.1__Ceratodon_purpureus	Ceratodon_purpureus	homology-blast	2.59e-105	318.0	34.6	62.8	79.558	no	query coverage 34.6% below 50%
Physcomitrium_patens	XP_024372556.1	KAH8946675.1__Sphagnum_fallax	Sphagnum_fallax	homology-blast	1.83e-91	279.0	37.1	100.0	66.495	no	query coverage 37.1% below 50%
Physcomitrium_patens	XP_024372556.1	KAH8967529.1__Sphagnum_fallax	Sphagnum_fallax	homology-blast	0.0	761.0	95.0	99.0	71.142	yes	NA
Physcomitrium_patens	XP_024372556.1	g15786.t1__Sphagnum_palustre	Sphagnum_palustre	homology-blast	1.8e-52	177.0	29.4	86.2	59.74	no	query coverage 29.4% below 50%
Physcomitrium_patens	XP_024372648.1	KAG0555842.1__Ceratodon_purpureus	Ceratodon_purpureus	homology-blast	1.45e-11	68.6	48.1	38.1	24.775	no	query coverage 48.1% below 50%
Physcomitrium_patens	XP_024372648.1	KAG0556202.1__Ceratodon_purpureus	Ceratodon_purpureus	homology-blast	1.3e-133	392.0	87.3	94.3	49.87	yes	NA
Physcomitrium_patens	XP_024372648.1	KAG0561107.1__Ceratodon_purpureus	Ceratodon_purpureus	homology-blast	3.45e-170	486.0	95.8	92.4	57.729	yes	NA
Physcomitrium_patens	XP_024372648.1	KAG0561819.1__Ceratodon_purpureus	Ceratodon_purpureus	homology-blast	5.17e-06	51.2	44.0	36.6	24.664	no	query coverage 44.0% below 50%
Physcomitrium_patens	XP_024372648.1	KAG0564054.1__Ceratodon_purpureus	Ceratodon_purpureus	homology-blast	1.87e-13	74.3	45.6	48.8	29.911	no	query coverage 45.6% below 50%
Physcomitrium_patens	XP_024372738.1	KAG0579586.1__Ceratodon_purpureus	Ceratodon_purpureus	homology-blast	8.51e-65	199.0	98.4	99.4	70.33	yes	NA
Physcomitrium_patens	XP_024372738.1	KAH8941676.1__Sphagnum_fallax	Sphagnum_fallax	homology-blast	1.42e-34	122.0	80.0	84.3	50.943	yes	NA
Physcomitrium_patens	XP_024372738.1	g26738.t1__Sphagnum_palustre	Sphagnum_palustre	homology-blast	9.7e-37	127.0	80.0	84.3	51.553	yes	NA
Physcomitrium_patens	XP_024372738.1	g26743.t1__Sphagnum_palustre	Sphagnum_palustre	homology-blast	2.05e-35	124.0	80.0	84.3	50.943	yes	NA
Physcomitrium_patens	XP_024372738.1	g4987.t1__Blasia_pusilla	Blasia_pusilla	homology-blast	1.29e-09	57.0	55.1	57.1	38.532	yes	NA
Physcomitrium_patens	XP_024372930.1	KAG0556157.1__Ceratodon_purpureus	Ceratodon_purpureus	homology-blast	6.96e-51	186.0	77.5	94.3	27.237	yes	NA
Physcomitrium_patens	XP_024372930.1	KAG0557636.1__Ceratodon_purpureus	Ceratodon_purpureus	homology-blast	0.0	734.0	81.0	86.2	69.703	yes	NA
Physcomitrium_patens	XP_024372930.1	KAG0558082.1__Ceratodon_purpureus	Ceratodon_purpureus	homology-blast	7.89e-75	250.0	79.3	95.6	33.721	yes	NA
Physcomitrium_patens	XP_024372930.1	KAG0558084.1__Ceratodon_purpureus	Ceratodon_purpureus	homology-blast	2.01e-71	241.0	79.3	96.1	32.625	yes	NA
Physcomitrium_patens	XP_024372930.1	KAG0558155.1__Ceratodon_purpureus	Ceratodon_purpureus	homology-blast	2.95e-75	251.0	79.1	94.9	34.104	yes	NA
Physcomitrium_patens	XP_024372936.1	KAG0564844.1__Ceratodon_purpureus	Ceratodon_purpureus	homology-blast	6.96e-09	52.0	23.5	61.5	50.0	no	query coverage 23.5% below 50%
Physcomitrium_patens	XP_024372936.1	KAG0577021.1__Ceratodon_purpureus	Ceratodon_purpureus	homology-blast	1.18e-05	45.1	43.5	53.8	32.432	no	query coverage 43.5% below 50%
Physcomitrium_patens	XP_024372936.1	KAG0580505.1__Ceratodon_purpureus	Ceratodon_purpureus	homology-blast	0.000596	40.0	49.4	62.0	32.955	no	query coverage 49.4% below 50%
Physcomitrium_patens	XP_024372936.1	KAG0591493.1__Ceratodon_purpureus	Ceratodon_purpureus	homology-blast	0.000217	41.2	47.6	60.6	34.118	no	query coverage 47.6% below 50%
Physcomitrium_patens	XP_024372936.1	KAG0592853.1__Ceratodon_purpureus	Ceratodon_purpureus	homology-blast	6.31e-60	183.0	55.3	92.2	95.745	yes	NA
Physcomitrium_patens	XP_024372964.1	KAG0553895.1__Ceratodon_purpureus	Ceratodon_purpureus	homology-blast	6.06e-11	69.7	57.8	56.8	22.552	yes	NA
Physcomitrium_patens	XP_024372964.1	KAG0579915.1__Ceratodon_purpureus	Ceratodon_purpureus	homology-blast	0.0	1511.0	99.7	100.0	69.33	yes	NA
Physcomitrium_patens	XP_024372964.1	KAG0583565.1__Ceratodon_purpureus	Ceratodon_purpureus	homology-blast	7.81e-11	69.3	60.1	58.0	21.921	yes	NA
Physcomitrium_patens	XP_024372964.1	KAH8940651.1__Sphagnum_fallax	Sphagnum_fallax	homology-blast	1.58e-06	55.1	39.2	56.2	22.571	no	query coverage 39.2% below 50%
Physcomitrium_patens	XP_024372964.1	KAH8970515.1__Sphagnum_fallax	Sphagnum_fallax	homology-blast	0.0	903.0	84.2	86.0	62.016	yes	NA
Physcomitrium_patens	XP_024373004.1	KAG0561764.1__Ceratodon_purpureus	Ceratodon_purpureus	homology-blast	2.03e-144	423.0	79.1	83.5	53.506	yes	NA
Physcomitrium_patens	XP_024373004.1	KAG0569787.1__Ceratodon_purpureus	Ceratodon_purpureus	homology-blast	3.16e-110	335.0	78.0	88.1	46.842	yes	NA
Physcomitrium_patens	XP_024373004.1	KAG0578238.1__Ceratodon_purpureus	Ceratodon_purpureus	homology-blast	0.0	543.0	86.4	82.8	63.507	yes	NA
Physcomitrium_patens	XP_024373004.1	KAG0580222.1__Ceratodon_purpureus	Ceratodon_purpureus	homology-blast	1.12e-102	317.0	78.6	81.5	43.117	yes	NA
Physcomitrium_patens	XP_024373004.1	KAG0589847.1__Ceratodon_purpureus	Ceratodon_purpureus	homology-blast	3.54e-178	509.0	80.7	87.4	62.785	yes	NA
Physcomitrium_patens	XP_024373430.1	KAG0555971.1__Ceratodon_purpureus	Ceratodon_purpureus	homology-blast	6.16e-10	62.8	39.0	60.4	22.68	no	query coverage 39.0% below 50%
Physcomitrium_patens	XP_024373430.1	KAG0559814.1__Ceratodon_purpureus	Ceratodon_purpureus	homology-blast	2.17e-16	82.0	39.0	62.4	31.122	no	query coverage 39.0% below 50%
Physcomitrium_patens	XP_024373430.1	KAG0565257.1__Ceratodon_purpureus	Ceratodon_purpureus	homology-blast	7.64e-16	79.3	37.8	71.9	29.255	no	query coverage 37.8% below 50%
Physcomitrium_patens	XP_024373430.1	KAG0567065.1__Ceratodon_purpureus	Ceratodon_purpureus	homology-blast	0.000272	44.7	38.8	94.4	24.88	no	query coverage 38.8% below 50%
Physcomitrium_patens	XP_024373430.1	KAG0567067.1__Ceratodon_purpureus	Ceratodon_purpureus	homology-blast	0.000572	43.5	40.2	97.2	25.346	no	query coverage 40.2% below 50%
Physcomitrium_patens	XP_024373526.1	KAG0580898.1__Ceratodon_purpureus	Ceratodon_purpureus	homology-blast	0.0	646.0	99.7	99.7	85.0	yes	NA
Physcomitrium_patens	XP_024373526.1	KAG0584651.1__Ceratodon_purpureus	Ceratodon_purpureus	homology-blast	0.000172	45.8	37.9	39.6	28.276	no	query coverage 37.9% below 50%
Physcomitrium_patens	XP_024373526.1	KAG0593230.1__Ceratodon_purpureus	Ceratodon_purpureus	homology-blast	0.0	609.0	91.1	99.4	83.237	yes	NA
Physcomitrium_patens	XP_024373526.1	KAH8952017.1__Sphagnum_fallax	Sphagnum_fallax	homology-blast	1.76e-159	456.0	91.1	77.9	64.74	yes	NA
Physcomitrium_patens	XP_024373526.1	g15166.t1__Blasia_pusilla	Blasia_pusilla	homology-blast	2.46e-86	263.0	52.4	84.3	62.312	yes	NA
Physcomitrium_patens	XP_024373705.1	KAG0574111.1__Ceratodon_purpureus	Ceratodon_purpureus	homology-blast	5.56e-05	46.6	25.8	27.0	35.514	no	query coverage 25.8% below 50%
Physcomitrium_patens	XP_024373705.1	KAG0590493.1__Ceratodon_purpureus	Ceratodon_purpureus	homology-blast	7.14e-154	437.0	99.7	88.5	90.852	yes	NA
Physcomitrium_patens	XP_024373705.1	KAH8933227.1__Sphagnum_fallax	Sphagnum_fallax	homology-blast	0.000417	44.3	32.4	15.8	29.545	no	query coverage 32.4% below 50%
Physcomitrium_patens	XP_024373705.1	KAH8935149.1__Sphagnum_fallax	Sphagnum_fallax	homology-blast	1.67e-105	312.0	95.0	99.4	67.722	yes	NA
Physcomitrium_patens	XP_024373705.1	KAH8956730.1__Sphagnum_fallax	Sphagnum_fallax	homology-blast	3.49e-114	335.0	100.0	93.7	59.119	yes	NA
Physcomitrium_patens	XP_024374280.1	KAG0504220.1__Ceratodon_purpureus	Ceratodon_purpureus	homology-blast	9.08e-08	56.2	24.3	34.5	24.39	no	query coverage 24.3% below 50%
Physcomitrium_patens	XP_024374280.1	KAG0504312.1__Ceratodon_purpureus	Ceratodon_purpureus	homology-blast	3e-10	63.9	24.3	36.0	26.829	no	query coverage 24.3% below 50%
Physcomitrium_patens	XP_024374280.1	KAG0504476.1__Ceratodon_purpureus	Ceratodon_purpureus	homology-blast	3.43e-10	63.9	24.3	36.0	26.829	no	query coverage 24.3% below 50%
Physcomitrium_patens	XP_024374280.1	KAG0504480.1__Ceratodon_purpureus	Ceratodon_purpureus	homology-blast	1.4e-06	52.0	18.2	35.2	29.348	no	query coverage 18.2% below 50%
Physcomitrium_patens	XP_024374280.1	KAG0554208.1__Ceratodon_purpureus	Ceratodon_purpureus	homology-blast	1.09e-12	71.6	24.3	36.4	27.642	no	query coverage 24.3% below 50%
Physcomitrium_patens	XP_024374675.1	KAG0504495.1__Ceratodon_purpureus	Ceratodon_purpureus	homology-blast	0.0	1100.0	99.9	99.7	76.675	yes	NA
Physcomitrium_patens	XP_024374675.1	KAG0562180.1__Ceratodon_purpureus	Ceratodon_purpureus	homology-blast	4.5e-09	62.0	32.6	55.8	26.199	no	query coverage 32.6% below 50%
Physcomitrium_patens	XP_024374675.1	KAG0569367.1__Ceratodon_purpureus	Ceratodon_purpureus	homology-blast	1.93e-22	101.0	36.8	83.7	28.146	no	query coverage 36.8% below 50%
Physcomitrium_patens	XP_024374675.1	KAG0570858.1__Ceratodon_purpureus	Ceratodon_purpureus	homology-blast	2.4e-13	75.5	33.4	53.3	25.094	no	query coverage 33.4% below 50%
Physcomitrium_patens	XP_024374675.1	KAG0580648.1__Ceratodon_purpureus	Ceratodon_purpureus	homology-blast	0.0	1100.0	99.9	99.7	76.675	yes	NA
Physcomitrium_patens	XP_024374767.1	KAG0553422.1__Ceratodon_purpureus	Ceratodon_purpureus	homology-blast	3.12e-45	164.0	76.0	90.2	30.707	yes	NA
Physcomitrium_patens	XP_024374767.1	KAG0556291.1__Ceratodon_purpureus	Ceratodon_purpureus	homology-blast	5.09e-10	60.1	12.1	36.8	53.571	no	query coverage 12.1% below 50%
Physcomitrium_patens	XP_024374767.1	KAG0563046.1__Ceratodon_purpureus	Ceratodon_purpureus	homology-blast	4.6e-29	112.0	19.0	72.1	61.364	no	query coverage 19.0% below 50%
Physcomitrium_patens	XP_024374767.1	KAG0575335.1__Ceratodon_purpureus	Ceratodon_purpureus	homology-blast	1.49e-30	118.0	19.0	47.8	61.364	no	query coverage 19.0% below 50%
Physcomitrium_patens	XP_024374767.1	KAG0576188.1__Ceratodon_purpureus	Ceratodon_purpureus	homology-blast	5.77e-32	128.0	73.7	87.6	28.571	yes	NA
Physcomitrium_patens	XP_024374842.1	KAG0577450.1__Ceratodon_purpureus	Ceratodon_purpureus	homology-blast	0.0	1777.0	100.0	100.0	82.883	yes	NA
Physcomitrium_patens	XP_024374842.1	KAH8938777.1__Sphagnum_fallax	Sphagnum_fallax	homology-blast	3.06e-06	51.2	6.9	39.9	48.052	no	query coverage 6.9% below 50%
Physcomitrium_patens	XP_024374842.1	KAH8968993.1__Sphagnum_fallax	Sphagnum_fallax	homology-blast	0.0	793.0	85.1	100.0	48.909	yes	NA
Physcomitrium_patens	XP_024374842.1	KAH8972586.1__Sphagnum_fallax	Sphagnum_fallax	homology-blast	0.0	1358.0	100.0	100.0	66.577	yes	NA
Physcomitrium_patens	XP_024374842.1	g13719.t1__Blasia_pusilla	Blasia_pusilla	homology-blast	0.0	777.0	73.7	100.0	51.429	yes	NA
Physcomitrium_patens	XP_024375006.1	KAG0563509.1__Ceratodon_purpureus	Ceratodon_purpureus	homology-blast	0.0	967.0	98.1	98.8	70.596	yes	NA
Physcomitrium_patens	XP_024375006.1	KAH8973688.1__Sphagnum_fallax	Sphagnum_fallax	homology-blast	2.75e-170	512.0	98.0	97.6	42.941	yes	NA
Physcomitrium_patens	XP_024375006.1	g30566.t1__Sphagnum_palustre	Sphagnum_palustre	homology-blast	3.78e-167	504.0	98.0	97.6	42.471	yes	NA
Physcomitrium_patens	XP_024375006.1	g7059.t1__Blasia_pusilla	Blasia_pusilla	homology-blast	7.17e-104	335.0	35.3	45.6	61.458	no	query coverage 35.3% below 50%
Physcomitrium_patens	XP_024375006.1	jg2245.t1__Syntrichia_ruralis	Syntrichia_ruralis	homology-blast	0.0	569.0	81.5	90.1	74.937	yes	NA
Physcomitrium_patens	XP_024375040.1	KAG0554407.1__Ceratodon_purpureus	Ceratodon_purpureus	homology-blast	8.52e-08	53.5	38.5	69.1	28.455	no	query coverage 38.5% below 50%
Physcomitrium_patens	XP_024375040.1	KAG0555044.1__Ceratodon_purpureus	Ceratodon_purpureus	homology-blast	8.5e-10	60.1	61.2	79.7	24.742	yes	NA
Physcomitrium_patens	XP_024375040.1	KAG0555654.1__Ceratodon_purpureus	Ceratodon_purpureus	homology-blast	0.000562	43.9	25.8	6.4	33.333	no	query coverage 25.8% below 50%
Physcomitrium_patens	XP_024375040.1	KAG0558600.1__Ceratodon_purpureus	Ceratodon_purpureus	homology-blast	1.49e-17	84.7	60.1	32.6	28.814	yes	NA
Physcomitrium_patens	XP_024375040.1	KAG0561086.1__Ceratodon_purpureus	Ceratodon_purpureus	homology-blast	1.2e-06	51.6	28.2	22.1	36.585	no	query coverage 28.2% below 50%
Physcomitrium_patens	XP_024375080.1	KAG0577846.1__Ceratodon_purpureus	Ceratodon_purpureus	homology-blast	8.33e-88	266.0	93.8	99.7	62.866	yes	NA
Physcomitrium_patens	XP_024375080.1	g958.t1__Blasia_pusilla	Blasia_pusilla	homology-blast	2.14e-46	162.0	37.2	33.1	57.983	no	query coverage 37.2% below 50%
Physcomitrium_patens	XP_024375080.1	jg11136.t1__Syntrichia_ruralis	Syntrichia_ruralis	homology-blast	1.87e-40	142.0	41.6	53.4	60.448	no	query coverage 41.6% below 50%
Physcomitrium_patens	XP_024375080.1	jg12860.t1__Syntrichia_ruralis	Syntrichia_ruralis	homology-blast	1.11e-76	237.0	68.1	82.0	63.761	yes	NA
Physcomitrium_patens	XP_024375080.1	jg28043.t1__Fossombronia_cristula	Fossombronia_cristula	homology-blast	1.06e-34	128.0	30.3	43.4	58.163	no	query coverage 30.3% below 50%
Physcomitrium_patens	XP_024375095.1	KAG0504264.1__Ceratodon_purpureus	Ceratodon_purpureus	homology-blast	7e-120	347.0	54.7	84.9	89.062	yes	NA
Physcomitrium_patens	XP_024375095.1	KAG0576946.1__Ceratodon_purpureus	Ceratodon_purpureus	homology-blast	1.74e-176	495.0	100.0	100.0	76.271	yes	NA
Physcomitrium_patens	XP_024375095.1	KAH8951638.1__Sphagnum_fallax	Sphagnum_fallax	homology-blast	2.09e-124	363.0	73.8	73.6	72.587	yes	NA
Physcomitrium_patens	XP_024375095.1	KAH8958635.1__Sphagnum_fallax	Sphagnum_fallax	homology-blast	1.49e-74	231.0	65.2	95.9	58.091	yes	NA
Physcomitrium_patens	XP_024375095.1	g14228.t1__Blasia_pusilla	Blasia_pusilla	homology-blast	1.22e-114	336.0	61.8	75.3	76.959	yes	NA
Physcomitrium_patens	XP_024376525.1	KAG0561947.1__Ceratodon_purpureus	Ceratodon_purpureus	homology-blast	0.0	771.0	99.8	100.0	78.346	yes	NA
Physcomitrium_patens	XP_024376525.1	KAG0565866.1__Ceratodon_purpureus	Ceratodon_purpureus	homology-blast	3.45e-05	48.9	24.2	23.3	33.094	no	query coverage 24.2% below 50%
Physcomitrium_patens	XP_024376525.1	KAG0567817.1__Ceratodon_purpureus	Ceratodon_purpureus	homology-blast	0.000356	45.8	11.1	7.6	41.667	no	query coverage 11.1% below 50%
Physcomitrium_patens	XP_024376525.1	KAG0582109.1__Ceratodon_purpureus	Ceratodon_purpureus	homology-blast	1.7e-29	124.0	63.8	50.4	29.619	yes	NA
Physcomitrium_patens	XP_024376525.1	KAH8932452.1__Sphagnum_fallax	Sphagnum_fallax	homology-blast	2.75e-05	49.3	12.7	11.6	41.538	no	query coverage 12.7% below 50%
Physcomitrium_patens	XP_024376530.1	KAG0553404.1__Ceratodon_purpureus	Ceratodon_purpureus	homology-blast	1.24e-77	286.0	9.8	31.9	41.282	no	query coverage 9.8% below 50%
Physcomitrium_patens	XP_024376530.1	KAG0554292.1__Ceratodon_purpureus	Ceratodon_purpureus	homology-blast	0.000256	49.7	3.1	11.5	31.092	no	query coverage 3.1% below 50%
Physcomitrium_patens	XP_024376530.1	KAG0557712.1__Ceratodon_purpureus	Ceratodon_purpureus	homology-blast	0.000709	48.1	4.4	17.5	26.012	no	query coverage 4.4% below 50%
Physcomitrium_patens	XP_024376530.1	KAG0565708.1__Ceratodon_purpureus	Ceratodon_purpureus	homology-blast	0.000334	48.9	4.3	28.4	25.15	no	query coverage 4.3% below 50%
Physcomitrium_patens	XP_024376530.1	KAG0568765.1__Ceratodon_purpureus	Ceratodon_purpureus	homology-blast	3.17e-05	52.8	3.1	8.1	32.258	no	query coverage 3.1% below 50%
Physcomitrium_patens	XP_024376629.1	KAG0577528.1__Ceratodon_purpureus	Ceratodon_purpureus	homology-blast	0.0	649.0	89.6	65.0	75.556	yes	NA
Physcomitrium_patens	XP_024376629.1	KAG0580218.1__Ceratodon_purpureus	Ceratodon_purpureus	homology-blast	0.0	522.0	73.5	79.2	74.114	yes	NA
Physcomitrium_patens	XP_024376629.1	KAG0592023.1__Ceratodon_purpureus	Ceratodon_purpureus	homology-blast	4.7e-178	508.0	76.9	89.1	69.666	yes	NA
Physcomitrium_patens	XP_024376629.1	KAG0592234.1__Ceratodon_purpureus	Ceratodon_purpureus	homology-blast	8.81e-42	157.0	24.3	25.4	57.851	no	query coverage 24.3% below 50%
Physcomitrium_patens	XP_024376629.1	KAH8952106.1__Sphagnum_fallax	Sphagnum_fallax	homology-blast	5.78e-167	476.0	64.3	97.6	74.455	yes	NA
Physcomitrium_patens	XP_024376976.1	KAG0554440.1__Ceratodon_purpureus	Ceratodon_purpureus	homology-blast	3.02e-119	369.0	80.0	87.1	40.72	yes	NA
Physcomitrium_patens	XP_024376976.1	KAG0554548.1__Ceratodon_purpureus	Ceratodon_purpureus	homology-blast	4.26e-139	427.0	80.0	63.9	42.481	yes	NA
Physcomitrium_patens	XP_024376976.1	KAG0559053.1__Ceratodon_purpureus	Ceratodon_purpureus	homology-blast	5.65e-144	436.0	85.2	79.5	41.053	yes	NA
Physcomitrium_patens	XP_024376976.1	KAG0560786.1__Ceratodon_purpureus	Ceratodon_purpureus	homology-blast	9.73e-132	402.0	83.6	86.4	39.785	yes	NA
Physcomitrium_patens	XP_024376976.1	KAG0563495.1__Ceratodon_purpureus	Ceratodon_purpureus	homology-blast	4.03e-126	388.0	81.4	85.1	40.364	yes	NA
Physcomitrium_patens	XP_024377352.1	KAG0557520.1__Ceratodon_purpureus	Ceratodon_purpureus	homology-blast	4.03e-25	97.8	94.9	94.6	35.227	yes	NA
Physcomitrium_patens	XP_024377352.1	KAG0559453.1__Ceratodon_purpureus	Ceratodon_purpureus	homology-blast	2.28e-07	50.8	84.7	81.0	25.161	yes	NA
Physcomitrium_patens	XP_024377352.1	KAG0563223.1__Ceratodon_purpureus	Ceratodon_purpureus	homology-blast	6.02e-15	71.2	98.9	97.3	30.481	yes	NA
Physcomitrium_patens	XP_024377352.1	KAG0572852.1__Ceratodon_purpureus	Ceratodon_purpureus	homology-blast	1.52e-125	353.0	100.0	85.1	97.175	yes	NA
Physcomitrium_patens	XP_024377352.1	KAH8934609.1__Sphagnum_fallax	Sphagnum_fallax	homology-blast	5.75e-23	92.0	98.3	96.8	33.88	yes	NA
Physcomitrium_patens	XP_024377664.1	KAG0568580.1__Ceratodon_purpureus	Ceratodon_purpureus	homology-blast	1.03e-09	62.8	14.8	21.4	62.5	no	query coverage 14.8% below 50%
Physcomitrium_patens	XP_024377664.1	KAG0569854.1__Ceratodon_purpureus	Ceratodon_purpureus	homology-blast	1e-174	506.0	100.0	100.0	60.247	yes	NA
Physcomitrium_patens	XP_024377664.1	KAG0586110.1__Ceratodon_purpureus	Ceratodon_purpureus	homology-blast	1.88e-08	58.9	20.7	30.3	50.0	no	query coverage 20.7% below 50%
Physcomitrium_patens	XP_024377664.1	KAG0586469.1__Ceratodon_purpureus	Ceratodon_purpureus	homology-blast	5.47e-137	410.0	99.8	99.8	52.811	yes	NA
Physcomitrium_patens	XP_024377664.1	KAH8933265.1__Sphagnum_fallax	Sphagnum_fallax	homology-blast	2.73e-23	105.0	73.1	71.2	34.852	yes	NA
Physcomitrium_patens	XP_024377758.1	KAG0561764.1__Ceratodon_purpureus	Ceratodon_purpureus	homology-blast	4.05e-117	350.0	91.0	83.3	44.591	yes	NA
Physcomitrium_patens	XP_024377758.1	KAG0569787.1__Ceratodon_purpureus	Ceratodon_purpureus	homology-blast	0.0	552.0	99.3	99.8	66.587	yes	NA
Physcomitrium_patens	XP_024377758.1	KAG0578238.1__Ceratodon_purpureus	Ceratodon_purpureus	homology-blast	2.74e-119	358.0	91.2	76.4	45.669	yes	NA
Physcomitrium_patens	XP_024377758.1	KAG0580222.1__Ceratodon_purpureus	Ceratodon_purpureus	homology-blast	0.0	564.0	99.5	91.3	64.286	yes	NA
Physcomitrium_patens	XP_024377758.1	KAG0589847.1__Ceratodon_purpureus	Ceratodon_purpureus	homology-blast	2.05e-121	361.0	90.8	84.8	47.09	yes	NA
Physcomitrium_patens	XP_024378054.1	KAG0553712.1__Ceratodon_purpureus	Ceratodon_purpureus	homology-blast	1.81e-10	65.1	23.8	44.5	33.728	no	query coverage 23.8% below 50%
Physcomitrium_patens	XP_024378054.1	KAG0574310.1__Ceratodon_purpureus	Ceratodon_purpureus	homology-blast	7.63e-180	516.0	99.0	99.4	56.286	yes	NA
Physcomitrium_patens	XP_024378054.1	KAH8945855.1__Sphagnum_fallax	Sphagnum_fallax	homology-blast	4.63e-116	353.0	63.6	66.9	59.036	yes	NA
Physcomitrium_patens	XP_024378054.1	KAH8948110.1__Sphagnum_fallax	Sphagnum_fallax	homology-blast	1.99e-07	55.5	15.3	20.6	46.835	no	query coverage 15.3% below 50%
Physcomitrium_patens	XP_024378054.1	g36477.t1__Sphagnum_palustre	Sphagnum_palustre	homology-blast	2.42e-07	54.3	15.3	33.6	46.835	no	query coverage 15.3% below 50%
Physcomitrium_patens	XP_024378422.1	KAG0554071.1__Ceratodon_purpureus	Ceratodon_purpureus	homology-blast	1.03e-10	58.5	49.7	70.9	37.634	no	query coverage 49.7% below 50%
Physcomitrium_patens	XP_024378422.1	KAG0554843.1__Ceratodon_purpureus	Ceratodon_purpureus	homology-blast	0.000741	40.8	54.1	59.4	30.357	yes	NA
Physcomitrium_patens	XP_024378422.1	KAG0560727.1__Ceratodon_purpureus	Ceratodon_purpureus	homology-blast	1.92e-24	97.1	55.8	44.3	44.66	yes	NA
Physcomitrium_patens	XP_024378422.1	KAG0561595.1__Ceratodon_purpureus	Ceratodon_purpureus	homology-blast	0.000475	41.6	47.5	44.4	31.25	no	query coverage 47.5% below 50%
Physcomitrium_patens	XP_024378422.1	KAG0566762.1__Ceratodon_purpureus	Ceratodon_purpureus	homology-blast	0.000638	41.6	56.9	29.9	28.07	yes	NA
Physcomitrium_patens	XP_024378842.1	KAG0559853.1__Ceratodon_purpureus	Ceratodon_purpureus	homology-blast	7.89e-05	48.9	9.1	7.5	37.975	no	query coverage 9.1% below 50%
Physcomitrium_patens	XP_024378842.1	KAG0575011.1__Ceratodon_purpureus	Ceratodon_purpureus	homology-blast	0.0	1354.0	99.9	99.9	80.641	yes	NA
Physcomitrium_patens	XP_024378842.1	KAG0576565.1__Ceratodon_purpureus	Ceratodon_purpureus	homology-blast	8.32e-06	50.4	25.8	85.0	26.991	no	query coverage 25.8% below 50%
Physcomitrium_patens	XP_024378842.1	KAG0587154.1__Ceratodon_purpureus	Ceratodon_purpureus	homology-blast	1.34e-134	423.0	87.4	87.9	36.211	yes	NA
Physcomitrium_patens	XP_024378842.1	KAH8935676.1__Sphagnum_fallax	Sphagnum_fallax	homology-blast	0.0002	46.2	28.7	95.9	25.1	no	query coverage 28.7% below 50%
Physcomitrium_patens	XP_024378960.1	KAG0504121.1__Ceratodon_purpureus	Ceratodon_purpureus	homology-blast	1.33e-56	201.0	52.0	47.1	41.156	yes	NA
Physcomitrium_patens	XP_024378960.1	KAG0504156.1__Ceratodon_purpureus	Ceratodon_purpureus	homology-blast	1.36e-70	244.0	59.8	33.3	44.34	yes	NA
Physcomitrium_patens	XP_024378960.1	KAG0504180.1__Ceratodon_purpureus	Ceratodon_purpureus	homology-blast	6.57e-49	170.0	37.8	87.2	45.226	no	query coverage 37.8% below 50%
Physcomitrium_patens	XP_024378960.1	KAG0504202.1__Ceratodon_purpureus	Ceratodon_purpureus	homology-blast	4.81e-29	122.0	63.6	61.7	30.473	yes	NA
Physcomitrium_patens	XP_024378960.1	KAG0504224.1__Ceratodon_purpureus	Ceratodon_purpureus	homology-blast	2.62e-05	49.3	37.0	39.9	26.471	no	query coverage 37.0% below 50%
Physcomitrium_patens	XP_024379147.1	KAG0566602.1__Ceratodon_purpureus	Ceratodon_purpureus	homology-blast	0.0	1001.0	100.0	100.0	71.255	yes	NA
Physcomitrium_patens	XP_024379147.1	KAG0575645.1__Ceratodon_purpureus	Ceratodon_purpureus	homology-blast	3.31e-11	69.3	22.7	26.2	28.261	no	query coverage 22.7% below 50%
Physcomitrium_patens	XP_024379147.1	KAH8940768.1__Sphagnum_fallax	Sphagnum_fallax	homology-blast	1.18e-163	494.0	86.6	92.7	65.11	yes	NA
Physcomitrium_patens	XP_024379147.1	KAH8954399.1__Sphagnum_fallax	Sphagnum_fallax	homology-blast	1.06e-11	70.9	23.0	27.3	26.486	no	query coverage 23.0% below 50%
Physcomitrium_patens	XP_024379147.1	g11813.t1__Blasia_pusilla	Blasia_pusilla	homology-blast	1.48e-10	67.0	26.0	34.3	25.592	no	query coverage 26.0% below 50%
Physcomitrium_patens	XP_024380164.1	KAG0559845.1__Ceratodon_purpureus	Ceratodon_purpureus	homology-blast	1.41e-32	112.0	80.9	75.4	59.551	yes	NA
Physcomitrium_patens	XP_024380164.1	KAG0583614.1__Ceratodon_purpureus	Ceratodon_purpureus	homology-blast	1.96e-50	157.0	100.0	100.0	72.727	yes	NA
Physcomitrium_patens	XP_024380164.1	KAH8942298.1__Sphagnum_fallax	Sphagnum_fallax	homology-blast	5.64e-47	148.0	80.9	84.0	78.652	yes	NA
Physcomitrium_patens	XP_024380164.1	KAH8944688.1__Sphagnum_fallax	Sphagnum_fallax	homology-blast	5.22e-47	148.0	95.5	98.1	66.667	yes	NA
Physcomitrium_patens	XP_024380164.1	g35796.t1__Sphagnum_palustre	Sphagnum_palustre	homology-blast	1.35e-45	145.0	94.5	80.0	66.346	yes	NA
Physcomitrium_patens	XP_024380223.1	KAG0556897.1__Ceratodon_purpureus	Ceratodon_purpureus	homology-blast	1.79e-07	56.6	26.0	13.7	25.17	no	query coverage 26.0% below 50%
Physcomitrium_patens	XP_024380223.1	KAG0557602.1__Ceratodon_purpureus	Ceratodon_purpureus	homology-blast	1.78e-11	64.3	20.1	82.8	32.231	no	query coverage 20.1% below 50%
Physcomitrium_patens	XP_024380223.1	KAG0558221.1__Ceratodon_purpureus	Ceratodon_purpureus	homology-blast	3.83e-08	57.8	20.0	34.6	34.746	no	query coverage 20.0% below 50%
Physcomitrium_patens	XP_024380223.1	KAG0559790.1__Ceratodon_purpureus	Ceratodon_purpureus	homology-blast	3.68e-14	77.8	23.9	20.2	34.074	no	query coverage 23.9% below 50%
Physcomitrium_patens	XP_024380223.1	KAG0563206.1__Ceratodon_purpureus	Ceratodon_purpureus	homology-blast	1.58e-26	112.0	51.4	77.8	29.21	yes	NA
Physcomitrium_patens	XP_024380988.1	KAG0559246.1__Ceratodon_purpureus	Ceratodon_purpureus	homology-blast	1.37e-143	457.0	83.6	96.0	33.474	yes	NA
Physcomitrium_patens	XP_024380988.1	KAG0560162.1__Ceratodon_purpureus	Ceratodon_purpureus	homology-blast	0.0	1820.0	98.8	98.8	86.709	yes	NA
Physcomitrium_patens	XP_024380988.1	KAG0560384.1__Ceratodon_purpureus	Ceratodon_purpureus	homology-blast	4.53e-123	404.0	83.6	95.8	31.003	yes	NA
Physcomitrium_patens	XP_024380988.1	KAH8945994.1__Sphagnum_fallax	Sphagnum_fallax	homology-blast	2.96e-124	408.0	83.6	94.3	31.194	yes	NA
Physcomitrium_patens	XP_024380988.1	KAH8952107.1__Sphagnum_fallax	Sphagnum_fallax	homology-blast	9.12e-145	462.0	84.4	93.6	33.572	yes	NA
Physcomitrium_patens	XP_024381159.1	KAG0559753.1__Ceratodon_purpureus	Ceratodon_purpureus	homology-blast	0.0	2224.0	100.0	100.0	88.325	yes	NA
Physcomitrium_patens	XP_024381159.1	KAG0564446.1__Ceratodon_purpureus	Ceratodon_purpureus	homology-blast	2.08e-09	64.3	35.8	33.2	26.335	no	query coverage 35.8% below 50%
Physcomitrium_patens	XP_024381159.1	KAG0579665.1__Ceratodon_purpureus	Ceratodon_purpureus	homology-blast	5.51e-08	60.1	37.2	12.6	23.333	no	query coverage 37.2% below 50%
Physcomitrium_patens	XP_024381159.1	KAG0584331.1__Ceratodon_purpureus	Ceratodon_purpureus	homology-blast	1.94e-05	51.2	19.8	44.8	21.293	no	query coverage 19.8% below 50%
Physcomitrium_patens	XP_024381159.1	KAG0590948.1__Ceratodon_purpureus	Ceratodon_purpureus	homology-blast	5.24e-07	57.0	37.2	12.6	23.889	no	query coverage 37.2% below 50%
Physcomitrium_patens	XP_024381867.1	KAG0554558.1__Ceratodon_purpureus	Ceratodon_purpureus	homology-blast	1.43e-106	306.0	99.0	98.5	83.744	yes	NA
Physcomitrium_patens	XP_024381867.1	KAG0561498.1__Ceratodon_purpureus	Ceratodon_purpureus	homology-blast	0.000228	43.1	59.8	53.3	23.77	yes	NA
Physcomitrium_patens	XP_024381867.1	KAG0562547.1__Ceratodon_purpureus	Ceratodon_purpureus	homology-blast	1.08e-106	306.0	99.0	98.1	84.729	yes	NA
Physcomitrium_patens	XP_024381867.1	KAG0583710.1__Ceratodon_purpureus	Ceratodon_purpureus	homology-blast	8.96e-124	352.0	98.0	79.7	96.5	yes	NA
Physcomitrium_patens	XP_024381867.1	KAH8933889.1__Sphagnum_fallax	Sphagnum_fallax	homology-blast	2.12e-121	343.0	99.0	98.5	91.584	yes	NA
Physcomitrium_patens	XP_024382027.1	KAG0555658.1__Ceratodon_purpureus	Ceratodon_purpureus	homology-blast	7.96e-11	66.2	48.2	64.5	25.468	no	query coverage 48.2% below 50%
Physcomitrium_patens	XP_024382027.1	KAG0556529.1__Ceratodon_purpureus	Ceratodon_purpureus	homology-blast	7.98e-64	219.0	96.5	97.5	35.094	yes	NA
Physcomitrium_patens	XP_024382027.1	KAG0557876.1__Ceratodon_purpureus	Ceratodon_purpureus	homology-blast	3.2e-55	196.0	96.3	95.0	31.947	yes	NA
Physcomitrium_patens	XP_024382027.1	KAG0562146.1__Ceratodon_purpureus	Ceratodon_purpureus	homology-blast	0.0	963.0	100.0	100.0	94.455	yes	NA
Physcomitrium_patens	XP_024382027.1	KAG0563501.1__Ceratodon_purpureus	Ceratodon_purpureus	homology-blast	1.17e-62	216.0	96.5	96.6	34.151	yes	NA
Physcomitrium_patens	XP_024382210.1	KAG0556495.1__Ceratodon_purpureus	Ceratodon_purpureus	homology-blast	0.00029	45.4	45.9	74.6	20.968	no	query coverage 45.9% below 50%
Physcomitrium_patens	XP_024382210.1	KAG0557712.1__Ceratodon_purpureus	Ceratodon_purpureus	homology-blast	6.27e-07	54.7	29.2	16.4	28.662	no	query coverage 29.2% below 50%
Physcomitrium_patens	XP_024382210.1	KAG0558672.1__Ceratodon_purpureus	Ceratodon_purpureus	homology-blast	0.0	608.0	82.5	93.4	72.77	yes	NA
Physcomitrium_patens	XP_024382210.1	KAG0562043.1__Ceratodon_purpureus	Ceratodon_purpureus	homology-blast	4.28e-05	48.9	34.4	19.8	22.043	no	query coverage 34.4% below 50%
Physcomitrium_patens	XP_024382210.1	KAG0563356.1__Ceratodon_purpureus	Ceratodon_purpureus	homology-blast	1.79e-07	56.2	36.8	36.5	25.258	no	query coverage 36.8% below 50%
Physcomitrium_patens	XP_024382276.1	KAG0554651.1__Ceratodon_purpureus	Ceratodon_purpureus	homology-blast	4.17e-112	325.0	93.1	82.1	67.686	yes	NA
Physcomitrium_patens	XP_024382276.1	g12441.t1__Blasia_pusilla	Blasia_pusilla	homology-blast	6.9e-72	221.0	80.4	83.8	57.868	yes	NA
Physcomitrium_patens	XP_024382276.1	jg24958.t1__Syntrichia_ruralis	Syntrichia_ruralis	homology-blast	1.35e-107	313.0	87.3	82.0	67.757	yes	NA
Physcomitrium_patens	XP_024382495.1	KAG0559655.1__Ceratodon_purpureus	Ceratodon_purpureus	homology-blast	0.0	1165.0	97.3	95.9	70.055	yes	NA
Physcomitrium_patens	XP_024382495.1	KAG0588732.1__Ceratodon_purpureus	Ceratodon_purpureus	homology-blast	7.39e-43	169.0	36.0	45.0	35.312	no	query coverage 36.0% below 50%
Physcomitrium_patens	XP_024382495.1	KAG0590670.1__Ceratodon_purpureus	Ceratodon_purpureus	homology-blast	1.17e-13	77.8	61.8	53.6	28.329	yes	NA
Physcomitrium_patens	XP_024382495.1	KAH8931856.1__Sphagnum_fallax	Sphagnum_fallax	homology-blast	7.98e-14	78.6	59.6	45.9	27.322	yes	NA
Physcomitrium_patens	XP_024382495.1	KAH8943048.1__Sphagnum_fallax	Sphagnum_fallax	homology-blast	0.0	927.0	99.5	99.7	55.087	yes	NA
Physcomitrium_patens	XP_024383266.1	KAG0504444.1__Ceratodon_purpureus	Ceratodon_purpureus	homology-blast	3.37e-166	477.0	67.1	84.3	74.706	yes	NA
Physcomitrium_patens	XP_024383266.1	KAG0564927.1__Ceratodon_purpureus	Ceratodon_purpureus	homology-blast	1.67e-19	94.0	36.1	33.5	37.234	no	query coverage 36.1% below 50%
Physcomitrium_patens	XP_024383266.1	KAG0570760.1__Ceratodon_purpureus	Ceratodon_purpureus	homology-blast	1.7e-140	415.0	77.0	81.1	65.642	yes	NA
Physcomitrium_patens	XP_024383266.1	KAG0576615.1__Ceratodon_purpureus	Ceratodon_purpureus	homology-blast	3.81e-18	89.7	35.1	32.4	37.5	no	query coverage 35.1% below 50%
Physcomitrium_patens	XP_024383266.1	KAG0581937.1__Ceratodon_purpureus	Ceratodon_purpureus	homology-blast	3.37e-166	477.0	67.1	84.3	74.706	yes	NA
Physcomitrium_patens	XP_024383325.1	KAG0559936.1__Ceratodon_purpureus	Ceratodon_purpureus	homology-blast	4.34e-08	56.2	42.6	34.1	29.032	no	query coverage 42.6% below 50%
Physcomitrium_patens	XP_024383325.1	KAG0560666.1__Ceratodon_purpureus	Ceratodon_purpureus	homology-blast	9.44e-07	52.0	13.1	11.1	47.5	no	query coverage 13.1% below 50%
Physcomitrium_patens	XP_024383325.1	KAG0568950.1__Ceratodon_purpureus	Ceratodon_purpureus	homology-blast	1.52e-165	464.0	100.0	100.0	93.137	yes	NA
Physcomitrium_patens	XP_024383325.1	KAG0569828.1__Ceratodon_purpureus	Ceratodon_purpureus	homology-blast	0.000228	45.1	13.4	5.3	41.463	no	query coverage 13.4% below 50%
Physcomitrium_patens	XP_024383325.1	KAG0575767.1__Ceratodon_purpureus	Ceratodon_purpureus	homology-blast	3.03e-07	53.5	13.8	11.9	50.0	no	query coverage 13.8% below 50%
Physcomitrium_patens	XP_024383865.1	KAG0553382.1__Ceratodon_purpureus	Ceratodon_purpureus	homology-blast	6.57e-13	69.7	70.7	62.6	27.979	yes	NA
Physcomitrium_patens	XP_024383865.1	KAG0559196.1__Ceratodon_purpureus	Ceratodon_purpureus	homology-blast	1.25e-114	332.0	100.0	100.0	60.148	yes	NA
Physcomitrium_patens	XP_024383865.1	KAG0566571.1__Ceratodon_purpureus	Ceratodon_purpureus	homology-blast	2.1e-15	76.6	80.7	76.8	30.085	yes	NA
Physcomitrium_patens	XP_024383865.1	KAG0567364.1__Ceratodon_purpureus	Ceratodon_purpureus	homology-blast	5.94e-131	374.0	99.3	98.2	71.111	yes	NA
Physcomitrium_patens	XP_024383865.1	KAG0570014.1__Ceratodon_purpureus	Ceratodon_purpureus	homology-blast	1.19e-14	75.5	64.1	35.3	27.119	yes	NA
Physcomitrium_patens	XP_024383901.1	KAG0556142.1__Ceratodon_purpureus	Ceratodon_purpureus	homology-blast	1.28e-127	384.0	87.6	92.7	46.356	yes	NA
Physcomitrium_patens	XP_024383901.1	KAG0559750.1__Ceratodon_purpureus	Ceratodon_purpureus	homology-blast	0.0	534.0	98.8	98.2	56.322	yes	NA
Physcomitrium_patens	XP_024383901.1	KAG0578379.1__Ceratodon_purpureus	Ceratodon_purpureus	homology-blast	1.11e-17	87.4	59.7	60.7	26.899	yes	NA
Physcomitrium_patens	XP_024383901.1	KAH8931313.1__Sphagnum_fallax	Sphagnum_fallax	homology-blast	4.2e-118	360.0	85.5	83.2	40.919	yes	NA
Physcomitrium_patens	XP_024383901.1	KAH8937683.1__Sphagnum_fallax	Sphagnum_fallax	homology-blast	1.37e-99	314.0	74.6	64.2	45.477	yes	NA
Physcomitrium_patens	XP_024384237.1	KAG0504286.1__Ceratodon_purpureus	Ceratodon_purpureus	homology-blast	0.0	3229.0	96.8	96.8	96.375	yes	NA
Physcomitrium_patens	XP_024384237.1	KAG0568739.1__Ceratodon_purpureus	Ceratodon_purpureus	homology-blast	0.0	3242.0	96.8	95.9	96.918	yes	NA
Physcomitrium_patens	XP_024384237.1	KAG0574198.1__Ceratodon_purpureus	Ceratodon_purpureus	homology-blast	0.0	2631.0	96.1	95.4	78.589	yes	NA
Physcomitrium_patens	XP_024384237.1	KAG0591512.1__Ceratodon_purpureus	Ceratodon_purpureus	homology-blast	0.0	3201.0	96.8	97.1	94.985	yes	NA
Physcomitrium_patens	XP_024384237.1	KAH8948279.1__Sphagnum_fallax	Sphagnum_fallax	homology-blast	0.0	3076.0	96.8	97.5	91.239	yes	NA
Physcomitrium_patens	XP_024385223.1	KAG0564374.1__Ceratodon_purpureus	Ceratodon_purpureus	homology-blast	1.95e-05	50.1	32.1	14.1	27.16	no	query coverage 32.1% below 50%
Physcomitrium_patens	XP_024385223.1	KAG0566056.1__Ceratodon_purpureus	Ceratodon_purpureus	homology-blast	0.0	635.0	100.0	100.0	67.525	yes	NA
Physcomitrium_patens	XP_024385223.1	KAG0569080.1__Ceratodon_purpureus	Ceratodon_purpureus	homology-blast	3.21e-36	144.0	76.5	59.5	29.44	yes	NA
Physcomitrium_patens	XP_024385223.1	KAH8970157.1__Sphagnum_fallax	Sphagnum_fallax	homology-blast	3.87e-30	127.0	76.9	43.8	47.586	yes	NA
Physcomitrium_patens	XP_024385223.1	g14477.t1__Blasia_pusilla	Blasia_pusilla	homology-blast	3.1e-40	155.0	76.5	65.4	31.111	yes	NA
Physcomitrium_patens	XP_024385467.1	KAG0504614.1__Ceratodon_purpureus	Ceratodon_purpureus	homology-blast	5.43e-35	139.0	45.1	57.0	33.846	no	query coverage 45.1% below 50%
Physcomitrium_patens	XP_024385467.1	KAG0553887.1__Ceratodon_purpureus	Ceratodon_purpureus	homology-blast	2.2e-27	120.0	46.6	20.8	35.165	no	query coverage 46.6% below 50%
Physcomitrium_patens	XP_024385467.1	KAG0553893.1__Ceratodon_purpureus	Ceratodon_purpureus	homology-blast	2.56e-27	119.0	46.6	20.8	35.165	no	query coverage 46.6% below 50%
Physcomitrium_patens	XP_024385467.1	KAG0553959.1__Ceratodon_purpureus	Ceratodon_purpureus	homology-blast	7.95e-34	139.0	44.5	34.0	36.434	no	query coverage 44.5% below 50%
Physcomitrium_patens	XP_024385467.1	KAG0554814.1__Ceratodon_purpureus	Ceratodon_purpureus	homology-blast	7.04e-32	133.0	43.3	29.3	37.349	no	query coverage 43.3% below 50%
Physcomitrium_patens	XP_024385810.1	KAG0504121.1__Ceratodon_purpureus	Ceratodon_purpureus	homology-blast	1.66e-09	61.6	48.0	28.6	28.729	no	query coverage 48.0% below 50%
Physcomitrium_patens	XP_024385810.1	KAG0504156.1__Ceratodon_purpureus	Ceratodon_purpureus	homology-blast	1.14e-11	68.6	35.8	14.3	35.606	no	query coverage 35.8% below 50%
Physcomitrium_patens	XP_024385810.1	KAG0504180.1__Ceratodon_purpureus	Ceratodon_purpureus	homology-blast	1.7e-12	68.6	42.3	70.8	30.625	no	query coverage 42.3% below 50%
Physcomitrium_patens	XP_024385810.1	KAG0504301.1__Ceratodon_purpureus	Ceratodon_purpureus	homology-blast	4.33e-05	47.8	44.6	32.4	26.786	no	query coverage 44.6% below 50%
Physcomitrium_patens	XP_024385810.1	KAG0504439.1__Ceratodon_purpureus	Ceratodon_purpureus	homology-blast	1.67e-07	55.5	29.8	13.9	31.481	no	query coverage 29.8% below 50%
Physcomitrium_patens	XP_024386158.1	KAG0560533.1__Ceratodon_purpureus	Ceratodon_purpureus	homology-blast	3.05e-31	128.0	80.7	82.0	27.952	yes	NA
Physcomitrium_patens	XP_024386158.1	KAG0568924.1__Ceratodon_purpureus	Ceratodon_purpureus	homology-blast	4.67e-49	177.0	87.8	84.3	29.909	yes	NA
Physcomitrium_patens	XP_024386158.1	KAG0570934.1__Ceratodon_purpureus	Ceratodon_purpureus	homology-blast	1.62e-37	145.0	84.6	79.7	28.23	yes	NA
Physcomitrium_patens	XP_024386158.1	KAG0572076.1__Ceratodon_purpureus	Ceratodon_purpureus	homology-blast	8.71e-32	129.0	70.7	74.0	28.571	yes	NA
Physcomitrium_patens	XP_024386158.1	KAG0572695.1__Ceratodon_purpureus	Ceratodon_purpureus	homology-blast	1.81e-16	84.3	63.1	52.0	28.527	yes	NA
Physcomitrium_patens	XP_024389050.1	KAG0557375.1__Ceratodon_purpureus	Ceratodon_purpureus	homology-blast	5.57e-14	77.8	75.9	91.0	23.007	yes	NA
Physcomitrium_patens	XP_024389050.1	KAG0557457.1__Ceratodon_purpureus	Ceratodon_purpureus	homology-blast	4.6e-16	84.3	51.4	63.4	25.765	yes	NA
Physcomitrium_patens	XP_024389050.1	KAG0558012.1__Ceratodon_purpureus	Ceratodon_purpureus	homology-blast	1.44e-17	89.0	72.8	85.9	22.556	yes	NA
Physcomitrium_patens	XP_024389050.1	KAG0559539.1__Ceratodon_purpureus	Ceratodon_purpureus	homology-blast	2.16e-18	91.7	77.8	94.7	25.997	yes	NA
Physcomitrium_patens	XP_024389050.1	KAG0561129.1__Ceratodon_purpureus	Ceratodon_purpureus	homology-blast	0.0	1277.0	96.6	92.7	88.776	yes	NA
Physcomitrium_patens	XP_024389317.1	KAG0564458.1__Ceratodon_purpureus	Ceratodon_purpureus	homology-blast	1.85e-42	157.0	31.3	45.0	44.974	no	query coverage 31.3% below 50%
Physcomitrium_patens	XP_024389317.1	KAG0569396.1__Ceratodon_purpureus	Ceratodon_purpureus	homology-blast	2.91e-124	374.0	98.9	98.1	46.211	yes	NA
Physcomitrium_patens	XP_024389317.1	KAG0569406.1__Ceratodon_purpureus	Ceratodon_purpureus	homology-blast	6.84e-122	368.0	98.9	98.1	45.56	yes	NA
Physcomitrium_patens	XP_024389317.1	KAG0582942.1__Ceratodon_purpureus	Ceratodon_purpureus	homology-blast	1.16e-41	156.0	20.8	21.2	69.697	no	query coverage 20.8% below 50%
Physcomitrium_patens	XP_024389317.1	KAG0584843.1__Ceratodon_purpureus	Ceratodon_purpureus	homology-blast	0.0	600.0	100.0	100.0	61.197	yes	NA
Physcomitrium_patens	XP_024389641.1	KAG0554733.1__Ceratodon_purpureus	Ceratodon_purpureus	homology-blast	1.43e-15	79.7	65.3	66.9	28.185	yes	NA
Physcomitrium_patens	XP_024389641.1	KAG0562687.1__Ceratodon_purpureus	Ceratodon_purpureus	homology-blast	0.0	547.0	100.0	100.0	73.316	yes	NA
Physcomitrium_patens	XP_024389641.1	KAG0571020.1__Ceratodon_purpureus	Ceratodon_purpureus	homology-blast	1.47e-150	430.0	83.4	98.2	67.802	yes	NA
Physcomitrium_patens	XP_024389641.1	KAG0583179.1__Ceratodon_purpureus	Ceratodon_purpureus	homology-blast	1.15e-10	64.7	64.0	65.3	26.295	yes	NA
Physcomitrium_patens	XP_024389641.1	KAG0585417.1__Ceratodon_purpureus	Ceratodon_purpureus	homology-blast	1.15e-32	127.0	84.2	88.6	30.24	yes	NA
Physcomitrium_patens	XP_024390306.1	KAG0504297.1__Ceratodon_purpureus	Ceratodon_purpureus	homology-blast	0.000242	44.7	22.3	10.7	37.5	no	query coverage 22.3% below 50%
Physcomitrium_patens	XP_024390306.1	KAG0553425.1__Ceratodon_purpureus	Ceratodon_purpureus	homology-blast	1.28e-05	48.5	20.2	13.8	41.379	no	query coverage 20.2% below 50%
Physcomitrium_patens	XP_024390306.1	KAG0553695.1__Ceratodon_purpureus	Ceratodon_purpureus	homology-blast	1.29e-16	82.0	21.6	4.2	60.606	no	query coverage 21.6% below 50%
Physcomitrium_patens	XP_024390306.1	KAG0556298.1__Ceratodon_purpureus	Ceratodon_purpureus	homology-blast	2.61e-14	75.1	30.5	15.8	40.698	no	query coverage 30.5% below 50%
Physcomitrium_patens	XP_024390306.1	KAG0557105.1__Ceratodon_purpureus	Ceratodon_purpureus	homology-blast	6.88e-25	101.0	28.0	32.6	60.759	no	query coverage 28.0% below 50%
Physcomitrium_patens	XP_024390512.1	KAG0553729.1__Ceratodon_purpureus	Ceratodon_purpureus	homology-blast	1.84e-09	57.0	64.5	72.4	28.058	yes	NA
Physcomitrium_patens	XP_024390512.1	KAG0553732.1__Ceratodon_purpureus	Ceratodon_purpureus	homology-blast	5.21e-09	55.8	64.5	72.4	25.899	yes	NA
Physcomitrium_patens	XP_024390512.1	KAG0554010.1__Ceratodon_purpureus	Ceratodon_purpureus	homology-blast	2.48e-43	146.0	88.6	85.1	42.932	yes	NA
Physcomitrium_patens	XP_024390512.1	KAG0554165.1__Ceratodon_purpureus	Ceratodon_purpureus	homology-blast	1.42e-40	144.0	89.1	47.8	40.104	yes	NA
Physcomitrium_patens	XP_024390512.1	KAG0556133.1__Ceratodon_purpureus	Ceratodon_purpureus	homology-blast	6.17e-47	157.0	79.1	63.0	48.81	yes	NA
Physcomitrium_patens	XP_024390517.1	KAG0553880.1__Ceratodon_purpureus	Ceratodon_purpureus	homology-blast	3.1e-16	76.6	62.3	53.8	44.0	yes	NA
Physcomitrium_patens	XP_024390517.1	KAG0553881.1__Ceratodon_purpureus	Ceratodon_purpureus	homology-blast	4.78e-21	89.0	53.9	62.5	45.556	yes	NA
Physcomitrium_patens	XP_024390517.1	KAG0554419.1__Ceratodon_purpureus	Ceratodon_purpureus	homology-blast	0.000522	42.0	36.5	8.5	27.419	no	query coverage 36.5% below 50%
Physcomitrium_patens	XP_024390517.1	KAG0555252.1__Ceratodon_purpureus	Ceratodon_purpureus	homology-blast	7.44e-06	47.4	46.1	6.9	33.75	no	query coverage 46.1% below 50%
Physcomitrium_patens	XP_024390517.1	KAG0556490.1__Ceratodon_purpureus	Ceratodon_purpureus	homology-blast	2.88e-12	65.9	50.3	28.2	37.037	yes	NA
Physcomitrium_patens	XP_024390549.1	KAG0504121.1__Ceratodon_purpureus	Ceratodon_purpureus	homology-blast	5.75e-22	104.0	16.6	31.6	31.658	no	query coverage 16.6% below 50%
Physcomitrium_patens	XP_024390549.1	KAG0504156.1__Ceratodon_purpureus	Ceratodon_purpureus	homology-blast	9.27e-24	110.0	17.1	21.7	35.468	no	query coverage 17.1% below 50%
Physcomitrium_patens	XP_024390549.1	KAG0504180.1__Ceratodon_purpureus	Ceratodon_purpureus	homology-blast	9.77e-16	80.1	16.1	90.7	28.302	no	query coverage 16.1% below 50%
Physcomitrium_patens	XP_024390549.1	KAG0504202.1__Ceratodon_purpureus	Ceratodon_purpureus	homology-blast	4.96e-08	59.3	18.8	43.5	23.111	no	query coverage 18.8% below 50%
Physcomitrium_patens	XP_024390549.1	KAG0504224.1__Ceratodon_purpureus	Ceratodon_purpureus	homology-blast	0.0004	47.0	17.5	42.3	22.066	no	query coverage 17.5% below 50%
Physcomitrium_patens	XP_024390719.1	KAG0590757.1__Ceratodon_purpureus	Ceratodon_purpureus	homology-blast	0.0	538.0	99.7	97.0	78.182	yes	NA
Physcomitrium_patens	XP_024390719.1	KAH8972542.1__Sphagnum_fallax	Sphagnum_fallax	homology-blast	2.5e-68	222.0	95.8	83.1	54.872	yes	NA
Physcomitrium_patens	XP_024390719.1	g12912.t1__Blasia_pusilla	Blasia_pusilla	homology-blast	3.77e-101	302.0	95.2	95.6	46.372	yes	NA
Physcomitrium_patens	XP_024390719.1	g19247.t1__Sphagnum_palustre	Sphagnum_palustre	homology-blast	4.38e-69	224.0	95.8	79.1	54.359	yes	NA
Physcomitrium_patens	XP_024390719.1	g6391.t1__Sphagnum_palustre	Sphagnum_palustre	homology-blast	1.1e-68	223.0	95.8	79.3	54.872	yes	NA
Physcomitrium_patens	XP_024391020.1	KAG0558728.1__Ceratodon_purpureus	Ceratodon_purpureus	homology-blast	0.00028	45.8	31.9	34.0	33.333	no	query coverage 31.9% below 50%
Physcomitrium_patens	XP_024391020.1	KAG0568969.1__Ceratodon_purpureus	Ceratodon_purpureus	homology-blast	0.0	617.0	93.6	92.9	68.595	yes	NA
Physcomitrium_patens	XP_024391020.1	KAG0578435.1__Ceratodon_purpureus	Ceratodon_purpureus	homology-blast	0.0	725.0	94.8	95.4	78.661	yes	NA
Physcomitrium_patens	XP_024391020.1	KAG0587825.1__Ceratodon_purpureus	Ceratodon_purpureus	homology-blast	0.0	720.0	94.8	95.4	78.243	yes	NA
Physcomitrium_patens	XP_024391020.1	KAH8940946.1__Sphagnum_fallax	Sphagnum_fallax	homology-blast	0.0	587.0	94.0	93.0	67.155	yes	NA
Physcomitrium_patens	XP_024391267.1	KAG0555393.1__Ceratodon_purpureus	Ceratodon_purpureus	homology-blast	4.25e-06	50.8	29.3	35.8	35.2	no	query coverage 29.3% below 50%
Physcomitrium_patens	XP_024391267.1	KAG0555876.1__Ceratodon_purpureus	Ceratodon_purpureus	homology-blast	9.39e-18	86.3	75.9	76.5	29.012	yes	NA
Physcomitrium_patens	XP_024391267.1	KAG0556632.1__Ceratodon_purpureus	Ceratodon_purpureus	homology-blast	7.46e-14	74.3	75.9	89.0	26.006	yes	NA
Physcomitrium_patens	XP_024391267.1	KAG0556633.1__Ceratodon_purpureus	Ceratodon_purpureus	homology-blast	2.46e-14	75.5	75.9	88.9	26.316	yes	NA
Physcomitrium_patens	XP_024391267.1	KAG0557795.1__Ceratodon_purpureus	Ceratodon_purpureus	homology-blast	1.45e-15	79.7	76.8	83.5	25.148	yes	NA
Physcomitrium_patens	XP_024391308.1	KAG0556578.1__Ceratodon_purpureus	Ceratodon_purpureus	homology-blast	7.63e-25	106.0	83.1	72.7	29.283	yes	NA
Physcomitrium_patens	XP_024391308.1	KAG0557237.1__Ceratodon_purpureus	Ceratodon_purpureus	homology-blast	1.07e-22	99.8	83.1	81.4	26.087	yes	NA
Physcomitrium_patens	XP_024391308.1	KAG0591711.1__Ceratodon_purpureus	Ceratodon_purpureus	homology-blast	0.0	671.0	100.0	100.0	88.624	yes	NA
Physcomitrium_patens	XP_024391308.1	KAG0591733.1__Ceratodon_purpureus	Ceratodon_purpureus	homology-blast	0.0	671.0	100.0	100.0	88.624	yes	NA
Physcomitrium_patens	XP_024391308.1	KAH8939914.1__Sphagnum_fallax	Sphagnum_fallax	homology-blast	0.0	602.0	96.0	89.1	82.143	yes	NA
Physcomitrium_patens	XP_024391464.1	KAG0584892.1__Ceratodon_purpureus	Ceratodon_purpureus	homology-blast	6.29e-15	78.2	80.8	73.1	21.739	yes	NA
Physcomitrium_patens	XP_024391464.1	KAG0591200.1__Ceratodon_purpureus	Ceratodon_purpureus	homology-blast	0.0	723.0	100.0	100.0	91.451	yes	NA
Physcomitrium_patens	XP_024391464.1	KAH8938670.1__Sphagnum_fallax	Sphagnum_fallax	homology-blast	8.61e-14	74.7	80.1	66.5	21.835	yes	NA
Physcomitrium_patens	XP_024391464.1	KAH8945589.1__Sphagnum_fallax	Sphagnum_fallax	homology-blast	0.0	664.0	100.0	100.0	84.755	yes	NA
Physcomitrium_patens	XP_024391464.1	KAH8951806.1__Sphagnum_fallax	Sphagnum_fallax	homology-blast	1.07e-05	46.2	13.0	51.9	61.818	no	query coverage 13.0% below 50%
Physcomitrium_patens	XP_024391585.1	KAG0565976.1__Ceratodon_purpureus	Ceratodon_purpureus	homology-blast	3.73e-54	167.0	98.4	98.5	66.923	yes	NA
Physcomitrium_patens	XP_024391585.1	KAH8969672.1__Sphagnum_fallax	Sphagnum_fallax	homology-blast	2.21e-17	75.1	94.5	94.3	36.486	yes	NA
Physcomitrium_patens	XP_024391585.1	g14601.t1__Sphagnum_palustre	Sphagnum_palustre	homology-blast	6.77e-21	84.3	94.5	94.1	39.583	yes	NA
Physcomitrium_patens	XP_024391585.1	jg36688.t1__Syntrichia_ruralis	Syntrichia_ruralis	homology-blast	5.88e-53	164.0	98.4	98.5	66.667	yes	NA
Physcomitrium_patens	XP_024391879.1	KAG0574048.1__Ceratodon_purpureus	Ceratodon_purpureus	homology-blast	4.08e-05	45.1	75.0	57.2	23.684	yes	NA
Physcomitrium_patens	XP_024391879.1	KAG0576753.1__Ceratodon_purpureus	Ceratodon_purpureus	homology-blast	1.71e-06	48.9	66.1	46.6	29.71	yes	NA
Physcomitrium_patens	XP_024391879.1	KAG0590591.1__Ceratodon_purpureus	Ceratodon_purpureus	homology-blast	9.04e-05	43.9	76.7	59.6	25.478	yes	NA
Physcomitrium_patens	XP_024391879.1	KAG0591112.1__Ceratodon_purpureus	Ceratodon_purpureus	homology-blast	4.74e-122	343.0	100.0	100.0	89.444	yes	NA
Physcomitrium_patens	XP_024391879.1	KAH8932197.1__Sphagnum_fallax	Sphagnum_fallax	homology-blast	1.09e-94	274.0	92.8	94.4	76.647	yes	NA
Physcomitrium_patens	XP_024392391.1	KAG0590521.1__Ceratodon_purpureus	Ceratodon_purpureus	homology-blast	1.7e-91	269.0	98.2	99.5	72.811	yes	NA
Physcomitrium_patens	XP_024392391.1	KAH8952131.1__Sphagnum_fallax	Sphagnum_fallax	homology-blast	8.5e-17	75.5	42.3	79.5	47.423	no	query coverage 42.3% below 50%
Physcomitrium_patens	XP_024392391.1	KAH8959091.1__Sphagnum_fallax	Sphagnum_fallax	homology-blast	2.82e-71	218.0	72.3	69.1	66.038	yes	NA
Physcomitrium_patens	XP_024392391.1	g29341.t1__Sphagnum_palustre	Sphagnum_palustre	homology-blast	3.4e-72	221.0	72.3	69.1	66.667	yes	NA
Physcomitrium_patens	XP_024392391.1	g396.t1__Blasia_pusilla	Blasia_pusilla	homology-blast	6.05e-53	172.0	70.5	66.8	52.903	yes	NA
Physcomitrium_patens	XP_024392690.1	KAG0564305.1__Ceratodon_purpureus	Ceratodon_purpureus	homology-blast	2.23e-30	114.0	83.2	48.6	39.264	yes	NA
Physcomitrium_patens	XP_024392690.1	KAG0579839.1__Ceratodon_purpureus	Ceratodon_purpureus	homology-blast	3.58e-94	274.0	98.0	98.0	71.875	yes	NA
Physcomitrium_patens	XP_024392690.1	KAG0590468.1__Ceratodon_purpureus	Ceratodon_purpureus	homology-blast	3.69e-98	284.0	94.9	94.9	76.344	yes	NA
Physcomitrium_patens	XP_024392690.1	KAH8937758.1__Sphagnum_fallax	Sphagnum_fallax	homology-blast	7.79e-68	209.0	91.8	87.3	53.266	yes	NA
Physcomitrium_patens	XP_024392690.1	KAH8951756.1__Sphagnum_fallax	Sphagnum_fallax	homology-blast	1.71e-07	52.4	89.8	48.2	27.322	yes	NA
Physcomitrium_patens	XP_024392824.1	KAG0573382.1__Ceratodon_purpureus	Ceratodon_purpureus	homology-blast	3.74e-53	189.0	78.6	81.8	31.719	yes	NA
Physcomitrium_patens	XP_024392824.1	KAG0573970.1__Ceratodon_purpureus	Ceratodon_purpureus	homology-blast	0.0	648.0	88.1	82.2	73.673	yes	NA
Physcomitrium_patens	XP_024392824.1	KAG0577266.1__Ceratodon_purpureus	Ceratodon_purpureus	homology-blast	7.45e-58	201.0	80.5	85.1	33.57	yes	NA
Physcomitrium_patens	XP_024392824.1	KAG0578851.1__Ceratodon_purpureus	Ceratodon_purpureus	homology-blast	2.87e-60	208.0	83.2	87.7	32.273	yes	NA
Physcomitrium_patens	XP_024392824.1	KAG0580404.1__Ceratodon_purpureus	Ceratodon_purpureus	homology-blast	0.0	833.0	99.6	100.0	88.65	yes	NA
Physcomitrium_patens	XP_024393561.1	KAG0559716.1__Ceratodon_purpureus	Ceratodon_purpureus	homology-blast	2.16e-157	442.0	83.2	80.7	94.239	yes	NA
Physcomitrium_patens	XP_024393561.1	KAG0569716.1__Ceratodon_purpureus	Ceratodon_purpureus	homology-blast	3.14e-153	432.0	83.2	80.7	94.239	yes	NA
Physcomitrium_patens	XP_024393561.1	KAG0569863.1__Ceratodon_purpureus	Ceratodon_purpureus	homology-blast	3.34e-157	442.0	83.6	80.5	95.902	yes	NA
Physcomitrium_patens	XP_024393561.1	KAG0575629.1__Ceratodon_purpureus	Ceratodon_purpureus	homology-blast	2.26e-151	427.0	83.2	83.4	93.827	yes	NA
Physcomitrium_patens	XP_024393561.1	KAH8961437.1__Sphagnum_fallax	Sphagnum_fallax	homology-blast	3.3e-143	406.0	82.9	79.5	88.066	yes	NA
Physcomitrium_patens	XP_024393615.1	KAG0585355.1__Ceratodon_purpureus	Ceratodon_purpureus	homology-blast	2.39e-104	296.0	100.0	100.0	95.395	yes	NA
Physcomitrium_patens	XP_024393615.1	KAH8934111.1__Sphagnum_fallax	Sphagnum_fallax	homology-blast	4.63e-86	250.0	100.0	100.0	76.316	yes	NA
Physcomitrium_patens	XP_024393615.1	g2124.t1__Sphagnum_palustre	Sphagnum_palustre	homology-blast	1.14e-83	245.0	98.7	86.7	75.333	yes	NA
Physcomitrium_patens	XP_024393615.1	g7091.t1__Blasia_pusilla	Blasia_pusilla	homology-blast	5.93e-67	204.0	99.3	74.8	64.238	yes	NA
Physcomitrium_patens	XP_024393615.1	g7252.t1__Sphagnum_palustre	Sphagnum_palustre	homology-blast	1.01e-83	245.0	98.7	87.2	75.333	yes	NA
Physcomitrium_patens	XP_024393669.1	KAG0554410.1__Ceratodon_purpureus	Ceratodon_purpureus	homology-blast	6.61e-05	45.4	49.8	17.8	29.358	no	query coverage 49.8% below 50%
Physcomitrium_patens	XP_024393669.1	KAG0554639.1__Ceratodon_purpureus	Ceratodon_purpureus	homology-blast	0.000715	41.6	18.3	17.8	42.5	no	query coverage 18.3% below 50%
Physcomitrium_patens	XP_024393669.1	KAG0556187.1__Ceratodon_purpureus	Ceratodon_purpureus	homology-blast	4.57e-05	45.8	45.7	30.9	33.628	no	query coverage 45.7% below 50%
Physcomitrium_patens	XP_024393669.1	KAG0556739.1__Ceratodon_purpureus	Ceratodon_purpureus	homology-blast	3.34e-06	48.9	53.9	41.3	28.455	yes	NA
Physcomitrium_patens	XP_024393669.1	KAG0556753.1__Ceratodon_purpureus	Ceratodon_purpureus	homology-blast	0.000156	43.5	44.7	54.7	35.849	no	query coverage 44.7% below 50%
Physcomitrium_patens	XP_024393678.1	KAG0504166.1__Ceratodon_purpureus	Ceratodon_purpureus	homology-blast	6.04e-06	52.8	6.9	8.8	38.356	no	query coverage 6.9% below 50%
Physcomitrium_patens	XP_024393678.1	KAG0554128.1__Ceratodon_purpureus	Ceratodon_purpureus	homology-blast	3.54e-12	73.2	50.9	68.4	23.573	yes	NA
Physcomitrium_patens	XP_024393678.1	KAG0554371.1__Ceratodon_purpureus	Ceratodon_purpureus	homology-blast	2.5e-18	92.8	34.2	42.7	28.777	no	query coverage 34.2% below 50%
Physcomitrium_patens	XP_024393678.1	KAG0555986.1__Ceratodon_purpureus	Ceratodon_purpureus	homology-blast	1.89e-08	60.5	7.5	17.5	39.241	no	query coverage 7.5% below 50%
Physcomitrium_patens	XP_024393678.1	KAG0556277.1__Ceratodon_purpureus	Ceratodon_purpureus	homology-blast	4.5e-55	211.0	70.4	69.2	27.225	yes	NA
Physcomitrium_patens	XP_024393712.1	KAG0569424.1__Ceratodon_purpureus	Ceratodon_purpureus	homology-blast	5.2e-06	53.1	5.1	7.5	43.636	no	query coverage 5.1% below 50%
Physcomitrium_patens	XP_024393712.1	KAG0570301.1__Ceratodon_purpureus	Ceratodon_purpureus	homology-blast	4.52e-64	238.0	47.7	44.0	37.452	no	query coverage 47.7% below 50%
Physcomitrium_patens	XP_024393712.1	KAG0587597.1__Ceratodon_purpureus	Ceratodon_purpureus	homology-blast	4.57e-62	228.0	35.1	51.9	44.554	no	query coverage 35.1% below 50%
Physcomitrium_patens	XP_024393712.1	KAH8966192.1__Sphagnum_fallax	Sphagnum_fallax	homology-blast	2.33e-05	50.8	5.1	10.8	43.636	no	query coverage 5.1% below 50%
Physcomitrium_patens	XP_024393712.1	g2404.t1__Sphagnum_palustre	Sphagnum_palustre	homology-blast	0.000449	46.6	4.1	7.4	51.111	no	query coverage 4.1% below 50%
Physcomitrium_patens	XP_024395486.1	KAG0569531.1__Ceratodon_purpureus	Ceratodon_purpureus	homology-blast	0.0	897.0	99.4	100.0	97.391	yes	NA
Physcomitrium_patens	XP_024395486.1	KAG0569536.1__Ceratodon_purpureus	Ceratodon_purpureus	homology-blast	0.0	897.0	99.4	100.0	97.391	yes	NA
Physcomitrium_patens	XP_024395486.1	g10039.t1__Sphagnum_palustre	Sphagnum_palustre	homology-blast	6.56e-37	135.0	14.5	38.7	97.015	no	query coverage 14.5% below 50%
Physcomitrium_patens	XP_024395486.1	g10431.t1__Blasia_pusilla	Blasia_pusilla	homology-blast	0.0	840.0	98.7	99.4	91.068	yes	NA
Physcomitrium_patens	XP_024395486.1	g16361.t1__Sphagnum_palustre	Sphagnum_palustre	homology-blast	0.0	863.0	100.0	100.0	92.888	yes	NA
Physcomitrium_patens	XP_024395562.1	KAG0568276.1__Ceratodon_purpureus	Ceratodon_purpureus	homology-blast	2e-67	199.0	100.0	100.0	94.545	yes	NA
Physcomitrium_patens	XP_024395562.1	KAG0569046.1__Ceratodon_purpureus	Ceratodon_purpureus	homology-blast	2e-67	199.0	100.0	100.0	94.545	yes	NA
Physcomitrium_patens	XP_024395562.1	KAH8954301.1__Sphagnum_fallax	Sphagnum_fallax	homology-blast	1.04e-58	177.0	100.0	100.0	83.636	yes	NA
Physcomitrium_patens	XP_024395562.1	KAH8962555.1__Sphagnum_fallax	Sphagnum_fallax	homology-blast	8.44e-59	178.0	100.0	100.0	83.636	yes	NA
Physcomitrium_patens	XP_024395562.1	KAH8969646.1__Sphagnum_fallax	Sphagnum_fallax	homology-blast	2.53e-58	177.0	100.0	99.1	82.727	yes	NA
Physcomitrium_patens	XP_024395904.1	KAG0555312.1__Ceratodon_purpureus	Ceratodon_purpureus	homology-blast	1.65e-05	49.3	40.8	45.6	28.431	no	query coverage 40.8% below 50%
Physcomitrium_patens	XP_024395904.1	KAG0567483.1__Ceratodon_purpureus	Ceratodon_purpureus	homology-blast	0.0	785.0	97.8	97.4	87.885	yes	NA
Physcomitrium_patens	XP_024395904.1	KAG0585076.1__Ceratodon_purpureus	Ceratodon_purpureus	homology-blast	2.37e-05	48.9	40.8	45.7	28.293	no	query coverage 40.8% below 50%
Physcomitrium_patens	XP_024395904.1	KAH8933751.1__Sphagnum_fallax	Sphagnum_fallax	homology-blast	0.0	703.0	98.9	99.4	78.788	yes	NA
Physcomitrium_patens	XP_024395904.1	KAH8940196.1__Sphagnum_fallax	Sphagnum_fallax	homology-blast	3.64e-06	51.6	40.8	45.8	28.502	no	query coverage 40.8% below 50%
Physcomitrium_patens	XP_024395975.1	KAG0553421.1__Ceratodon_purpureus	Ceratodon_purpureus	homology-blast	0.000329	44.7	25.5	19.3	35.294	no	query coverage 25.5% below 50%
Physcomitrium_patens	XP_024395975.1	KAG0554292.1__Ceratodon_purpureus	Ceratodon_purpureus	homology-blast	2.03e-10	64.3	92.1	20.5	20.958	yes	NA
Physcomitrium_patens	XP_024395975.1	KAG0556041.1__Ceratodon_purpureus	Ceratodon_purpureus	homology-blast	4.8e-08	56.2	70.8	68.2	21.811	yes	NA
Physcomitrium_patens	XP_024395975.1	KAG0556117.1__Ceratodon_purpureus	Ceratodon_purpureus	homology-blast	1.69e-07	54.7	72.0	53.1	25.258	yes	NA
Physcomitrium_patens	XP_024395975.1	KAG0556483.1__Ceratodon_purpureus	Ceratodon_purpureus	homology-blast	0.000366	44.3	71.1	56.1	18.939	yes	NA
Physcomitrium_patens	XP_024396042.1	KAG0558342.1__Ceratodon_purpureus	Ceratodon_purpureus	homology-blast	7.92e-34	120.0	48.3	47.8	84.884	no	query coverage 48.3% below 50%
Physcomitrium_patens	XP_024396042.1	KAG0567120.1__Ceratodon_purpureus	Ceratodon_purpureus	homology-blast	1.77e-44	152.0	59.6	29.4	83.019	yes	NA
Physcomitrium_patens	XP_024396042.1	KAH8942945.1__Sphagnum_fallax	Sphagnum_fallax	homology-blast	7.01e-33	122.0	61.8	30.5	65.455	yes	NA
Physcomitrium_patens	XP_024396042.1	g40702.t1__Sphagnum_palustre	Sphagnum_palustre	homology-blast	2.56e-12	64.3	29.8	27.2	56.604	no	query coverage 29.8% below 50%
Physcomitrium_patens	XP_024396042.1	g8214.t1__Blasia_pusilla	Blasia_pusilla	homology-blast	7.95e-30	114.0	61.8	30.2	62.727	yes	NA
Physcomitrium_patens	XP_024396437.1	KAG0504545.1__Ceratodon_purpureus	Ceratodon_purpureus	homology-blast	1.13e-88	279.0	82.5	80.3	42.338	yes	NA
Physcomitrium_patens	XP_024396437.1	KAG0557045.1__Ceratodon_purpureus	Ceratodon_purpureus	homology-blast	2.16e-82	265.0	56.8	44.0	51.029	yes	NA
Physcomitrium_patens	XP_024396437.1	KAG0565197.1__Ceratodon_purpureus	Ceratodon_purpureus	homology-blast	1.13e-88	279.0	82.5	80.3	42.338	yes	NA
Physcomitrium_patens	XP_024396437.1	KAG0576920.1__Ceratodon_purpureus	Ceratodon_purpureus	homology-blast	1.02e-75	245.0	69.6	67.7	44.548	yes	NA
Physcomitrium_patens	XP_024396437.1	KAG0582678.1__Ceratodon_purpureus	Ceratodon_purpureus	homology-blast	7.73e-112	338.0	69.9	65.7	56.766	yes	NA
Physcomitrium_patens	XP_024396482.1	KAG0504607.1__Ceratodon_purpureus	Ceratodon_purpureus	homology-blast	6.22e-06	50.1	37.7	13.7	27.559	no	query coverage 37.7% below 50%
Physcomitrium_patens	XP_024396482.1	KAG0553351.1__Ceratodon_purpureus	Ceratodon_purpureus	homology-blast	2.38e-06	51.2	34.9	17.0	29.06	no	query coverage 34.9% below 50%
Physcomitrium_patens	XP_024396482.1	KAG0556897.1__Ceratodon_purpureus	Ceratodon_purpureus	homology-blast	9.5e-22	98.2	58.8	18.5	34.536	yes	NA
Physcomitrium_patens	XP_024396482.1	KAG0557602.1__Ceratodon_purpureus	Ceratodon_purpureus	homology-blast	8.6e-12	64.3	28.9	63.4	37.634	no	query coverage 28.9% below 50%
Physcomitrium_patens	XP_024396482.1	KAG0558221.1__Ceratodon_purpureus	Ceratodon_purpureus	homology-blast	4.61e-10	62.0	34.0	34.6	31.193	no	query coverage 34.0% below 50%
Physcomitrium_patens	XP_024396540.1	KAG0559471.1__Ceratodon_purpureus	Ceratodon_purpureus	homology-blast	1.36e-30	125.0	20.4	12.6	77.922	no	query coverage 20.4% below 50%
Physcomitrium_patens	XP_024396540.1	KAG0559528.1__Ceratodon_purpureus	Ceratodon_purpureus	homology-blast	0.0	532.0	99.7	83.9	79.42	yes	NA
Physcomitrium_patens	XP_024396540.1	KAG0560860.1__Ceratodon_purpureus	Ceratodon_purpureus	homology-blast	3.52e-16	82.0	25.7	20.3	47.573	no	query coverage 25.7% below 50%
Physcomitrium_patens	XP_024396540.1	KAG0561053.1__Ceratodon_purpureus	Ceratodon_purpureus	homology-blast	5.93e-21	90.5	19.1	45.0	63.889	no	query coverage 19.1% below 50%
Physcomitrium_patens	XP_024396540.1	KAG0566138.1__Ceratodon_purpureus	Ceratodon_purpureus	homology-blast	4.54e-177	499.0	99.7	99.7	73.333	yes	NA
Physcomitrium_patens	XP_024396557.1	KAG0554779.1__Ceratodon_purpureus	Ceratodon_purpureus	homology-blast	0.0	920.0	99.4	100.0	74.034	yes	NA
Physcomitrium_patens	XP_024396557.1	KAG0555573.1__Ceratodon_purpureus	Ceratodon_purpureus	homology-blast	6.44e-91	295.0	94.7	95.2	33.657	yes	NA
Physcomitrium_patens	XP_024396557.1	KAG0555575.1__Ceratodon_purpureus	Ceratodon_purpureus	homology-blast	6.44e-91	295.0	94.7	95.2	33.657	yes	NA
Physcomitrium_patens	XP_024396557.1	KAG0558423.1__Ceratodon_purpureus	Ceratodon_purpureus	homology-blast	9.03e-107	337.0	94.7	94.9	35.4	yes	NA
Physcomitrium_patens	XP_024396557.1	KAG0565350.1__Ceratodon_purpureus	Ceratodon_purpureus	homology-blast	4.39e-95	306.0	91.4	90.2	35.085	yes	NA
Physcomitrium_patens	XP_024396919.1	KAG0556772.1__Ceratodon_purpureus	Ceratodon_purpureus	homology-blast	8.84e-40	151.0	84.6	87.6	33.007	yes	NA
Physcomitrium_patens	XP_024396919.1	KAG0566284.1__Ceratodon_purpureus	Ceratodon_purpureus	homology-blast	0.0	648.0	100.0	100.0	78.723	yes	NA
Physcomitrium_patens	XP_024396919.1	KAH8940210.1__Sphagnum_fallax	Sphagnum_fallax	homology-blast	3.01e-33	134.0	74.5	66.9	33.425	yes	NA
Physcomitrium_patens	XP_024396919.1	KAH8940582.1__Sphagnum_fallax	Sphagnum_fallax	homology-blast	9.1e-175	502.0	81.2	74.2	77.023	yes	NA
Physcomitrium_patens	XP_024396919.1	g10027.t1__Blasia_pusilla	Blasia_pusilla	homology-blast	4.21e-144	422.0	80.1	81.7	67.639	yes	NA
Physcomitrium_patens	XP_024397444.1	KAG0561921.1__Ceratodon_purpureus	Ceratodon_purpureus	homology-blast	9.9e-09	58.2	59.0	79.6	25.974	yes	NA
Physcomitrium_patens	XP_024397444.1	KAG0570089.1__Ceratodon_purpureus	Ceratodon_purpureus	homology-blast	0.0	518.0	100.0	100.0	82.319	yes	NA
Physcomitrium_patens	XP_024397444.1	KAG0589947.1__Ceratodon_purpureus	Ceratodon_purpureus	homology-blast	1.11e-11	68.2	56.4	40.7	26.364	yes	NA
Physcomitrium_patens	XP_024397444.1	KAH8932208.1__Sphagnum_fallax	Sphagnum_fallax	homology-blast	2.08e-18	86.3	58.4	88.4	29.88	yes	NA
Physcomitrium_patens	XP_024397444.1	KAH8936398.1__Sphagnum_fallax	Sphagnum_fallax	homology-blast	1.24e-18	89.0	59.6	42.3	30.303	yes	NA
Physcomitrium_patens	XP_024397544.1	KAG0558204.1__Ceratodon_purpureus	Ceratodon_purpureus	homology-blast	4.59e-74	224.0	100.0	100.0	70.37	yes	NA
Physcomitrium_patens	XP_024397544.1	KAG0567030.1__Ceratodon_purpureus	Ceratodon_purpureus	homology-blast	1.21e-62	195.0	98.1	99.0	63.462	yes	NA
Physcomitrium_patens	XP_024397544.1	KAH8973586.1__Sphagnum_fallax	Sphagnum_fallax	homology-blast	2.58e-46	156.0	43.4	33.2	91.304	no	query coverage 43.4% below 50%
Physcomitrium_patens	XP_024397544.1	g11027.t1__Blasia_pusilla	Blasia_pusilla	homology-blast	2.3e-48	162.0	43.4	29.7	79.348	no	query coverage 43.4% below 50%
Physcomitrium_patens	XP_024397544.1	g25929.t1__Sphagnum_palustre	Sphagnum_palustre	homology-blast	3.53e-46	155.0	43.4	33.7	90.217	no	query coverage 43.4% below 50%
Physcomitrium_patens	XP_024397620.1	KAG0559990.1__Ceratodon_purpureus	Ceratodon_purpureus	homology-blast	1.24e-54	168.0	90.7	66.9	79.381	yes	NA
Physcomitrium_patens	XP_024397620.1	KAG0559991.1__Ceratodon_purpureus	Ceratodon_purpureus	homology-blast	5.43e-55	169.0	90.7	74.6	79.381	yes	NA
Physcomitrium_patens	XP_024397620.1	KAG0566300.1__Ceratodon_purpureus	Ceratodon_purpureus	homology-blast	3.79e-53	164.0	84.1	78.9	83.333	yes	NA
Physcomitrium_patens	XP_024397620.1	KAG0567456.1__Ceratodon_purpureus	Ceratodon_purpureus	homology-blast	3.09e-09	55.1	53.3	4.0	49.123	yes	NA
Physcomitrium_patens	XP_024397620.1	KAG0567460.1__Ceratodon_purpureus	Ceratodon_purpureus	homology-blast	3.21e-09	54.7	53.3	4.0	49.123	yes	NA
Physcomitrium_patens	XP_024397943.1	KAG0555800.1__Ceratodon_purpureus	Ceratodon_purpureus	homology-blast	1.62e-18	87.4	68.2	71.6	31.818	yes	NA
Physcomitrium_patens	XP_024397943.1	KAG0563025.1__Ceratodon_purpureus	Ceratodon_purpureus	homology-blast	4.68e-17	82.8	68.2	74.4	29.752	yes	NA
Physcomitrium_patens	XP_024397943.1	KAG0577278.1__Ceratodon_purpureus	Ceratodon_purpureus	homology-blast	8.43e-32	123.0	66.5	72.8	36.25	yes	NA
Physcomitrium_patens	XP_024397943.1	KAG0578008.1__Ceratodon_purpureus	Ceratodon_purpureus	homology-blast	5.28e-165	468.0	86.8	79.3	77.346	yes	NA
Physcomitrium_patens	XP_024397943.1	KAH8938851.1__Sphagnum_fallax	Sphagnum_fallax	homology-blast	1.96e-17	84.3	67.9	68.4	30.705	yes	NA
Physcomitrium_patens	XP_024398425.1	KAG0565540.1__Ceratodon_purpureus	Ceratodon_purpureus	homology-blast	1.41e-18	91.3	59.0	33.6	26.523	yes	NA
Physcomitrium_patens	XP_024398425.1	KAG0576086.1__Ceratodon_purpureus	Ceratodon_purpureus	homology-blast	0.0	809.0	95.2	100.0	91.533	yes	NA
Physcomitrium_patens	XP_024398425.1	KAG0587946.1__Ceratodon_purpureus	Ceratodon_purpureus	homology-blast	6.41e-41	154.0	87.8	84.9	26.764	yes	NA
Physcomitrium_patens	XP_024398425.1	KAG0589378.1__Ceratodon_purpureus	Ceratodon_purpureus	homology-blast	6.03e-06	51.2	59.9	44.0	22.785	yes	NA
Physcomitrium_patens	XP_024398425.1	KAG0589874.1__Ceratodon_purpureus	Ceratodon_purpureus	homology-blast	5.03e-37	143.0	66.9	63.9	28.896	yes	NA
Physcomitrium_patens	XP_024398761.1	KAG0569497.1__Ceratodon_purpureus	Ceratodon_purpureus	homology-blast	5e-41	134.0	80.5	74.8	65.263	yes	NA
Physcomitrium_patens	XP_024398761.1	KAG0569498.1__Ceratodon_purpureus	Ceratodon_purpureus	homology-blast	5e-41	134.0	80.5	74.8	65.263	yes	NA
Physcomitrium_patens	XP_024398761.1	KAG0575576.1__Ceratodon_purpureus	Ceratodon_purpureus	homology-blast	1.2e-78	229.0	100.0	100.0	90.678	yes	NA
Physcomitrium_patens	XP_024398761.1	KAH8938984.1__Sphagnum_fallax	Sphagnum_fallax	homology-blast	1.4e-10	57.8	55.9	35.9	66.667	yes	NA
Physcomitrium_patens	XP_024398761.1	KAH8961759.1__Sphagnum_fallax	Sphagnum_fallax	homology-blast	7.69e-38	126.0	80.5	74.8	61.053	yes	NA
Physcomitrium_patens	XP_024399064.1	KAG0553464.1__Ceratodon_purpureus	Ceratodon_purpureus	homology-blast	2.68e-72	265.0	54.9	58.0	31.924	yes	NA
Physcomitrium_patens	XP_024399064.1	KAG0575621.1__Ceratodon_purpureus	Ceratodon_purpureus	homology-blast	0.0	945.0	94.8	100.0	54.946	yes	NA
Physcomitrium_patens	XP_024399064.1	KAG0586245.1__Ceratodon_purpureus	Ceratodon_purpureus	homology-blast	5.55e-68	253.0	50.0	48.7	42.282	yes	NA
Physcomitrium_patens	XP_024399064.1	KAH8950180.1__Sphagnum_fallax	Sphagnum_fallax	homology-blast	1.27e-23	110.0	22.8	30.7	42.941	no	query coverage 22.8% below 50%
Physcomitrium_patens	XP_024399064.1	KAH8963828.1__Sphagnum_fallax	Sphagnum_fallax	homology-blast	1.62e-06	49.3	6.0	84.1	46.377	no	query coverage 6.0% below 50%
Physcomitrium_patens	XP_024399153.1	KAG0504307.1__Ceratodon_purpureus	Ceratodon_purpureus	homology-blast	6.26e-16	82.0	44.0	23.2	33.333	no	query coverage 44.0% below 50%
Physcomitrium_patens	XP_024399153.1	KAG0504464.1__Ceratodon_purpureus	Ceratodon_purpureus	homology-blast	1.79e-11	66.6	47.7	65.5	27.041	no	query coverage 47.7% below 50%
Physcomitrium_patens	XP_024399153.1	KAG0557829.1__Ceratodon_purpureus	Ceratodon_purpureus	homology-blast	4.48e-11	66.2	47.7	44.8	27.041	no	query coverage 47.7% below 50%
Physcomitrium_patens	XP_024399153.1	KAG0558968.1__Ceratodon_purpureus	Ceratodon_purpureus	homology-blast	6.26e-16	82.0	44.0	23.2	33.333	no	query coverage 44.0% below 50%
Physcomitrium_patens	XP_024399153.1	KAG0563732.1__Ceratodon_purpureus	Ceratodon_purpureus	homology-blast	0.000193	43.1	9.3	29.3	52.778	no	query coverage 9.3% below 50%
Physcomitrium_patens	XP_024399414.1	KAG0557726.1__Ceratodon_purpureus	Ceratodon_purpureus	homology-blast	1.13e-10	65.9	12.6	24.9	38.554	no	query coverage 12.6% below 50%
Physcomitrium_patens	XP_024399414.1	KAG0561368.1__Ceratodon_purpureus	Ceratodon_purpureus	homology-blast	0.0	941.0	83.6	89.7	84.909	yes	NA
Physcomitrium_patens	XP_024399414.1	KAG0566519.1__Ceratodon_purpureus	Ceratodon_purpureus	homology-blast	1.22e-12	72.0	20.1	37.7	36.364	no	query coverage 20.1% below 50%
Physcomitrium_patens	XP_024399414.1	KAG0569552.1__Ceratodon_purpureus	Ceratodon_purpureus	homology-blast	5.1e-07	54.7	23.6	43.7	30.357	no	query coverage 23.6% below 50%
Physcomitrium_patens	XP_024399414.1	KAG0575525.1__Ceratodon_purpureus	Ceratodon_purpureus	homology-blast	3.69e-26	114.0	45.3	63.6	28.664	no	query coverage 45.3% below 50%
Physcomitrium_patens	XP_024399821.1	KAG0559716.1__Ceratodon_purpureus	Ceratodon_purpureus	homology-blast	2.06e-149	422.0	79.7	78.0	93.617	yes	NA
Physcomitrium_patens	XP_024399821.1	KAG0569716.1__Ceratodon_purpureus	Ceratodon_purpureus	homology-blast	7.26e-146	413.0	79.7	78.0	93.617	yes	NA
Physcomitrium_patens	XP_024399821.1	KAG0569863.1__Ceratodon_purpureus	Ceratodon_purpureus	homology-blast	1.32e-148	420.0	79.7	77.6	95.319	yes	NA
Physcomitrium_patens	XP_024399821.1	KAG0575629.1__Ceratodon_purpureus	Ceratodon_purpureus	homology-blast	1.38e-143	407.0	79.7	80.7	93.191	yes	NA
Physcomitrium_patens	XP_024399821.1	KAH8961437.1__Sphagnum_fallax	Sphagnum_fallax	homology-blast	1.66e-139	397.0	68.8	67.0	92.118	yes	NA
Physcomitrium_patens	XP_024400519.1	KAG0504205.1__Ceratodon_purpureus	Ceratodon_purpureus	homology-blast	0.000131	46.6	49.6	40.9	22.609	no	query coverage 49.6% below 50%
Physcomitrium_patens	XP_024400519.1	KAG0553735.1__Ceratodon_purpureus	Ceratodon_purpureus	homology-blast	1.46e-07	55.8	46.3	40.6	27.354	no	query coverage 46.3% below 50%
Physcomitrium_patens	XP_024400519.1	KAG0557506.1__Ceratodon_purpureus	Ceratodon_purpureus	homology-blast	0.0	721.0	96.7	95.5	94.792	yes	NA
Physcomitrium_patens	XP_024400519.1	KAG0557507.1__Ceratodon_purpureus	Ceratodon_purpureus	homology-blast	0.0	728.0	100.0	98.8	92.519	yes	NA
Physcomitrium_patens	XP_024400519.1	KAG0560175.1__Ceratodon_purpureus	Ceratodon_purpureus	homology-blast	6.15e-11	66.2	61.5	49.9	23.571	yes	NA
Physcomitrium_patens	XP_024401239.1	KAG0554409.1__Ceratodon_purpureus	Ceratodon_purpureus	homology-blast	4.17e-30	122.0	26.9	24.4	51.402	no	query coverage 26.9% below 50%
Physcomitrium_patens	XP_024401239.1	KAG0556643.1__Ceratodon_purpureus	Ceratodon_purpureus	homology-blast	2.89e-36	138.0	22.0	21.0	68.605	no	query coverage 22.0% below 50%
Physcomitrium_patens	XP_024401239.1	KAG0558068.1__Ceratodon_purpureus	Ceratodon_purpureus	homology-blast	6.18e-51	180.0	33.2	25.9	62.308	no	query coverage 33.2% below 50%
Physcomitrium_patens	XP_024401239.1	KAG0559104.1__Ceratodon_purpureus	Ceratodon_purpureus	homology-blast	4.32e-52	185.0	33.5	20.8	61.832	no	query coverage 33.5% below 50%
Physcomitrium_patens	XP_024401239.1	KAG0561633.1__Ceratodon_purpureus	Ceratodon_purpureus	homology-blast	1.43e-20	95.5	26.9	19.4	44.34	no	query coverage 26.9% below 50%
Physcomitrium_patens	XP_024401332.1	KAG0569163.1__Ceratodon_purpureus	Ceratodon_purpureus	homology-blast	0.0	1246.0	99.7	99.9	80.054	yes	NA
Physcomitrium_patens	XP_024401332.1	KAG0569688.1__Ceratodon_purpureus	Ceratodon_purpureus	homology-blast	0.0	1349.0	99.7	99.9	87.798	yes	NA
Physcomitrium_patens	XP_024401332.1	KAG0586417.1__Ceratodon_purpureus	Ceratodon_purpureus	homology-blast	0.0	1334.0	99.7	99.6	85.601	yes	NA
Physcomitrium_patens	XP_024401332.1	KAH8960949.1__Sphagnum_fallax	Sphagnum_fallax	homology-blast	0.0	1044.0	98.1	97.6	68.742	yes	NA
Physcomitrium_patens	XP_024401332.1	KAH8971438.1__Sphagnum_fallax	Sphagnum_fallax	homology-blast	0.0	1130.0	99.7	99.9	74.194	yes	NA
Physcomitrium_patens	XP_024401603.1	KAG0569110.1__Ceratodon_purpureus	Ceratodon_purpureus	homology-blast	7.13e-104	303.0	100.0	100.0	81.028	yes	NA
Physcomitrium_patens	XP_024401603.1	KAH8949873.1__Sphagnum_fallax	Sphagnum_fallax	homology-blast	1.28e-57	185.0	90.3	87.1	59.13	yes	NA
Physcomitrium_patens	XP_024401603.1	g166.t1__Blasia_pusilla	Blasia_pusilla	homology-blast	3.64e-38	137.0	75.4	62.7	49.215	yes	NA
Physcomitrium_patens	XP_024401603.1	g437.t1__Sphagnum_palustre	Sphagnum_palustre	homology-blast	4.21e-57	185.0	90.3	88.2	56.198	yes	NA
Physcomitrium_patens	XP_024401603.1	g7812.t1__Sphagnum_palustre	Sphagnum_palustre	homology-blast	4.26e-57	185.0	90.3	88.2	56.198	yes	NA
Physcomitrium_patens	XP_024401642.1	KAG0570214.1__Ceratodon_purpureus	Ceratodon_purpureus	homology-blast	4.25e-75	220.0	100.0	100.0	86.179	yes	NA
Physcomitrium_patens	XP_024401642.1	KAG0592985.1__Ceratodon_purpureus	Ceratodon_purpureus	homology-blast	4.07e-71	212.0	100.0	69.9	78.862	yes	NA
Physcomitrium_patens	XP_024401642.1	KAH8954030.1__Sphagnum_fallax	Sphagnum_fallax	homology-blast	9.48e-62	186.0	98.4	96.0	71.901	yes	NA
Physcomitrium_patens	XP_024401642.1	g2454.t1__Blasia_pusilla	Blasia_pusilla	homology-blast	5.93e-41	134.0	96.7	89.9	52.542	yes	NA
Physcomitrium_patens	XP_024401642.1	g3090.t1__Sphagnum_palustre	Sphagnum_palustre	homology-blast	3.74e-58	179.0	96.7	62.0	69.748	yes	NA
Physcomitrium_patens	XP_024401689.1	KAG0555749.1__Ceratodon_purpureus	Ceratodon_purpureus	homology-blast	7.44e-42	162.0	38.0	23.4	51.795	no	query coverage 38.0% below 50%
Physcomitrium_patens	XP_024401689.1	KAG0557347.1__Ceratodon_purpureus	Ceratodon_purpureus	homology-blast	0.0	626.0	97.4	99.6	63.904	yes	NA
Physcomitrium_patens	XP_024401689.1	KAG0557349.1__Ceratodon_purpureus	Ceratodon_purpureus	homology-blast	0.0	630.0	97.4	99.6	64.088	yes	NA
Physcomitrium_patens	XP_024401689.1	KAG0557853.1__Ceratodon_purpureus	Ceratodon_purpureus	homology-blast	0.000118	42.7	7.7	60.3	54.545	no	query coverage 7.7% below 50%
Physcomitrium_patens	XP_024401689.1	KAG0568809.1__Ceratodon_purpureus	Ceratodon_purpureus	homology-blast	2.29e-47	174.0	41.5	38.3	47.664	no	query coverage 41.5% below 50%
Physcomitrium_patens	XP_024402218.1	KAG0559298.1__Ceratodon_purpureus	Ceratodon_purpureus	homology-blast	3.22e-106	327.0	78.4	81.9	40.678	yes	NA
Physcomitrium_patens	XP_024402218.1	KAG0565203.1__Ceratodon_purpureus	Ceratodon_purpureus	homology-blast	0.0	775.0	100.0	100.0	69.725	yes	NA
Physcomitrium_patens	XP_024402218.1	KAG0576899.1__Ceratodon_purpureus	Ceratodon_purpureus	homology-blast	3.56e-116	354.0	80.2	80.1	41.568	yes	NA
Physcomitrium_patens	XP_024402218.1	KAG0578251.1__Ceratodon_purpureus	Ceratodon_purpureus	homology-blast	2.45e-112	342.0	73.0	90.8	44.332	yes	NA
Physcomitrium_patens	XP_024402218.1	KAG0586411.1__Ceratodon_purpureus	Ceratodon_purpureus	homology-blast	2.64e-140	417.0	80.2	75.8	47.482	yes	NA
Physcomitrium_patens	XP_024402308.1	KAG0555545.1__Ceratodon_purpureus	Ceratodon_purpureus	homology-blast	1.87e-15	82.4	34.4	27.1	34.667	no	query coverage 34.4% below 50%
Physcomitrium_patens	XP_024402308.1	KAG0557012.1__Ceratodon_purpureus	Ceratodon_purpureus	homology-blast	1.64e-15	82.4	66.0	59.0	29.5	yes	NA
Physcomitrium_patens	XP_024402308.1	KAG0557375.1__Ceratodon_purpureus	Ceratodon_purpureus	homology-blast	3.98e-121	370.0	86.8	94.5	39.658	yes	NA
Physcomitrium_patens	XP_024402308.1	KAG0557457.1__Ceratodon_purpureus	Ceratodon_purpureus	homology-blast	6.89e-29	123.0	82.1	87.1	24.144	yes	NA
Physcomitrium_patens	XP_024402308.1	KAG0557962.1__Ceratodon_purpureus	Ceratodon_purpureus	homology-blast	7.64e-21	92.0	23.9	83.3	36.735	no	query coverage 23.9% below 50%
Physcomitrium_patens	XP_024403105.1	KAG0555808.1__Ceratodon_purpureus	Ceratodon_purpureus	homology-blast	0.0	683.0	100.0	99.1	60.915	yes	NA
Physcomitrium_patens	XP_024403105.1	KAG0557673.1__Ceratodon_purpureus	Ceratodon_purpureus	homology-blast	7.3e-52	188.0	92.7	92.9	30.45	yes	NA
Physcomitrium_patens	XP_024403105.1	KAG0566483.1__Ceratodon_purpureus	Ceratodon_purpureus	homology-blast	2.12e-114	355.0	98.6	93.9	37.966	yes	NA
Physcomitrium_patens	XP_024403105.1	KAG0567471.1__Ceratodon_purpureus	Ceratodon_purpureus	homology-blast	1.63e-18	91.3	49.1	48.7	24.296	no	query coverage 49.1% below 50%
Physcomitrium_patens	XP_024403105.1	KAG0568466.1__Ceratodon_purpureus	Ceratodon_purpureus	homology-blast	0.0	713.0	100.0	100.0	63.028	yes	NA
Physcomitrium_patens	XP_073385898.1	KAG0504123.1__Ceratodon_purpureus	Ceratodon_purpureus	homology-blast	2.08e-42	162.0	86.0	52.4	32.381	yes	NA
Physcomitrium_patens	XP_073385898.1	KAG0504407.1__Ceratodon_purpureus	Ceratodon_purpureus	homology-blast	0.000713	42.4	14.2	52.4	40.26	no	query coverage 14.2% below 50%
Physcomitrium_patens	XP_073385898.1	KAG0553805.1__Ceratodon_purpureus	Ceratodon_purpureus	homology-blast	3.8e-75	258.0	87.0	67.8	39.359	yes	NA
Physcomitrium_patens	XP_073385898.1	KAG0553810.1__Ceratodon_purpureus	Ceratodon_purpureus	homology-blast	2.3e-07	55.8	81.5	48.3	28.455	yes	NA
Physcomitrium_patens	XP_073385898.1	KAG0553814.1__Ceratodon_purpureus	Ceratodon_purpureus	homology-blast	1.13e-06	53.9	72.2	51.9	24.878	yes	NA
Physcomitrium_patens	XP_073386709.1	KAG0563150.1__Ceratodon_purpureus	Ceratodon_purpureus	homology-blast	4.01e-07	52.8	16.2	31.4	42.424	no	query coverage 16.2% below 50%
Physcomitrium_patens	XP_073386709.1	KAH8949647.1__Sphagnum_fallax	Sphagnum_fallax	homology-blast	0.000387	44.7	49.3	59.9	27.805	no	query coverage 49.3% below 50%
Physcomitrium_patens	XP_073386709.1	KAH8970279.1__Sphagnum_fallax	Sphagnum_fallax	homology-blast	6.93e-14	74.3	21.1	26.5	51.111	no	query coverage 21.1% below 50%
Physcomitrium_patens	XP_073386709.1	g19810.t1__Sphagnum_palustre	Sphagnum_palustre	homology-blast	2.33e-15	77.0	21.6	41.4	48.913	no	query coverage 21.6% below 50%
Physcomitrium_patens	XP_073386709.1	g27023.t1__Sphagnum_palustre	Sphagnum_palustre	homology-blast	2.72e-15	78.2	25.6	34.9	45.37	no	query coverage 25.6% below 50%
Physcomitrium_patens	XP_073386716.1	KAG0562819.1__Ceratodon_purpureus	Ceratodon_purpureus	homology-blast	0.0	1316.0	100.0	100.0	92.99	yes	NA
Physcomitrium_patens	XP_073386716.1	KAG0581377.1__Ceratodon_purpureus	Ceratodon_purpureus	homology-blast	1.42e-06	53.9	26.2	23.2	28.804	no	query coverage 26.2% below 50%
Physcomitrium_patens	XP_073386716.1	KAG0593126.1__Ceratodon_purpureus	Ceratodon_purpureus	homology-blast	1.83e-06	53.5	30.1	28.2	28.241	no	query coverage 30.1% below 50%
Physcomitrium_patens	XP_073386716.1	KAH8935836.1__Sphagnum_fallax	Sphagnum_fallax	homology-blast	0.0	1187.0	100.0	100.0	84.81	yes	NA
Physcomitrium_patens	XP_073386716.1	KAH8937802.1__Sphagnum_fallax	Sphagnum_fallax	homology-blast	0.0	1176.0	100.0	100.0	84.692	yes	NA
Physcomitrium_patens	XP_073387132.1	KAG0583724.1__Ceratodon_purpureus	Ceratodon_purpureus	homology-blast	4.46e-29	107.0	100.0	100.0	74.033	yes	NA
Physcomitrium_patens	XP_073387132.1	KAH8931482.1__Sphagnum_fallax	Sphagnum_fallax	homology-blast	0.00038	41.6	25.4	23.8	57.143	no	query coverage 25.4% below 50%
Physcomitrium_patens	XP_073387132.1	g15391.t1__Sphagnum_palustre	Sphagnum_palustre	homology-blast	0.000445	41.6	28.8	28.2	52.632	no	query coverage 28.8% below 50%
Physcomitrium_patens	XP_073387132.1	g24370.t1__Sphagnum_palustre	Sphagnum_palustre	homology-blast	0.000437	41.6	28.8	28.2	52.632	no	query coverage 28.8% below 50%
Physcomitrium_patens	XP_073387132.1	jg17122.t1__Syntrichia_ruralis	Syntrichia_ruralis	homology-blast	4.64e-20	84.3	100.0	100.0	67.213	yes	NA
Physcomitrium_patens	XP_073387418.1	KAG0553925.1__Ceratodon_purpureus	Ceratodon_purpureus	homology-blast	0.0	531.0	94.9	83.2	65.937	yes	NA
Physcomitrium_patens	XP_073387418.1	KAG0575403.1__Ceratodon_purpureus	Ceratodon_purpureus	homology-blast	0.0	753.0	99.5	96.6	85.514	yes	NA
Physcomitrium_patens	XP_073387418.1	KAH8950959.1__Sphagnum_fallax	Sphagnum_fallax	homology-blast	0.0	552.0	88.8	83.5	72.178	yes	NA
Physcomitrium_patens	XP_073387418.1	KAH8961787.1__Sphagnum_fallax	Sphagnum_fallax	homology-blast	0.0	564.0	93.5	64.1	67.822	yes	NA
Physcomitrium_patens	XP_073387418.1	KAH8965528.1__Sphagnum_fallax	Sphagnum_fallax	homology-blast	0.0	546.0	90.9	88.6	69.521	yes	NA
Physcomitrium_patens	XP_073388290.1	KAG0569225.1__Ceratodon_purpureus	Ceratodon_purpureus	homology-blast	0.0	543.0	100.0	99.7	70.918	yes	NA
Physcomitrium_patens	XP_073388290.1	KAG0590779.1__Ceratodon_purpureus	Ceratodon_purpureus	homology-blast	0.00015	46.2	21.2	18.1	40.0	no	query coverage 21.2% below 50%
Physcomitrium_patens	XP_073388290.1	KAH8932899.1__Sphagnum_fallax	Sphagnum_fallax	homology-blast	0.000114	46.2	57.0	78.9	23.507	yes	NA
Physcomitrium_patens	XP_073388290.1	KAH8933749.1__Sphagnum_fallax	Sphagnum_fallax	homology-blast	8.44e-122	360.0	80.3	77.4	57.879	yes	NA
Physcomitrium_patens	XP_073388290.1	KAH8953961.1__Sphagnum_fallax	Sphagnum_fallax	homology-blast	1.9e-05	49.3	24.8	9.4	31.731	no	query coverage 24.8% below 50%
Physcomitrium_patens	XP_073388551.1	KAG0504127.1__Ceratodon_purpureus	Ceratodon_purpureus	homology-blast	1.94e-14	70.9	55.0	16.3	75.325	yes	NA
Physcomitrium_patens	XP_073388551.1	KAG0564959.1__Ceratodon_purpureus	Ceratodon_purpureus	homology-blast	4.1e-15	72.8	88.6	25.3	52.8	yes	NA
Physcomitrium_patens	XP_073388551.1	KAG0580590.1__Ceratodon_purpureus	Ceratodon_purpureus	homology-blast	1.76e-13	67.8	58.6	27.2	67.073	yes	NA
Physcomitrium_patens	XP_073388551.1	KAG0581504.1__Ceratodon_purpureus	Ceratodon_purpureus	homology-blast	2.01e-34	123.0	94.3	45.1	71.212	yes	NA
Physcomitrium_patens	XP_073388551.1	KAG0581508.1__Ceratodon_purpureus	Ceratodon_purpureus	homology-blast	9.26e-11	60.5	55.0	20.4	66.234	yes	NA
Physcomitrium_patens	XP_073389129.1	KAG0504392.1__Ceratodon_purpureus	Ceratodon_purpureus	homology-blast	0.000122	48.1	8.7	27.9	33.0	no	query coverage 8.7% below 50%
Physcomitrium_patens	XP_073389129.1	KAG0553646.1__Ceratodon_purpureus	Ceratodon_purpureus	homology-blast	9.52e-05	48.9	11.1	37.9	35.052	no	query coverage 11.1% below 50%
Physcomitrium_patens	XP_073389129.1	KAG0553698.1__Ceratodon_purpureus	Ceratodon_purpureus	homology-blast	4.02e-33	141.0	10.2	10.0	58.268	no	query coverage 10.2% below 50%
Physcomitrium_patens	XP_073389129.1	KAG0554166.1__Ceratodon_purpureus	Ceratodon_purpureus	homology-blast	0.000122	48.1	8.7	27.9	33.0	no	query coverage 8.7% below 50%
Physcomitrium_patens	XP_073389129.1	KAG0560508.1__Ceratodon_purpureus	Ceratodon_purpureus	homology-blast	0.000795	46.2	9.1	7.7	30.833	no	query coverage 9.1% below 50%
Physcomitrium_patens	XP_073389632.1	KAG0578553.1__Ceratodon_purpureus	Ceratodon_purpureus	homology-blast	1.77e-82	246.0	92.3	93.6	62.136	yes	NA
Physcomitrium_patens	XP_073389632.1	jg28265.t1__Syntrichia_ruralis	Syntrichia_ruralis	homology-blast	1.13e-56	181.0	91.9	91.9	50.476	yes	NA
Physcomitrium_patens	XP_073389632.1	jg3815.t1__Syntrichia_ruralis	Syntrichia_ruralis	homology-blast	1.12e-60	190.0	89.2	97.4	52.764	yes	NA
Physcomitrium_patens	XP_073389632.1	jg3816.t1__Syntrichia_ruralis	Syntrichia_ruralis	homology-blast	1.56e-43	146.0	88.7	94.6	45.178	yes	NA
Physcomitrium_patens	XP_073389632.1	jg3817.t1__Syntrichia_ruralis	Syntrichia_ruralis	homology-blast	3.59e-54	174.0	78.4	94.7	49.444	yes	NA
Physcomitrium_patens	XP_073389643.1	KAG0574251.1__Ceratodon_purpureus	Ceratodon_purpureus	homology-blast	0.0	701.0	77.7	78.4	46.208	yes	NA
Physcomitrium_patens	XP_073389643.1	KAG0578436.1__Ceratodon_purpureus	Ceratodon_purpureus	homology-blast	0.0	733.0	86.8	85.7	65.352	yes	NA
Physcomitrium_patens	XP_073389643.1	KAG0588441.1__Ceratodon_purpureus	Ceratodon_purpureus	homology-blast	3.75e-171	537.0	68.8	59.0	52.197	yes	NA
Physcomitrium_patens	XP_073389643.1	KAH8931873.1__Sphagnum_fallax	Sphagnum_fallax	homology-blast	7.13e-31	125.0	17.7	62.0	41.146	no	query coverage 17.7% below 50%
Physcomitrium_patens	XP_073389643.1	KAH8931875.1__Sphagnum_fallax	Sphagnum_fallax	homology-blast	4.21e-90	305.0	50.9	84.0	47.945	yes	NA
Physcomitrium_patens	XP_073390670.1	KAG0554128.1__Ceratodon_purpureus	Ceratodon_purpureus	homology-blast	1.92e-06	53.1	49.2	37.3	26.316	no	query coverage 49.2% below 50%
Physcomitrium_patens	XP_073390670.1	KAG0554371.1__Ceratodon_purpureus	Ceratodon_purpureus	homology-blast	1.54e-09	63.2	34.7	27.5	32.796	no	query coverage 34.7% below 50%
Physcomitrium_patens	XP_073390670.1	KAG0554543.1__Ceratodon_purpureus	Ceratodon_purpureus	homology-blast	0.0	959.0	95.9	96.1	90.607	yes	NA
Physcomitrium_patens	XP_073390670.1	KAG0559127.1__Ceratodon_purpureus	Ceratodon_purpureus	homology-blast	9.79e-07	53.9	30.8	24.6	26.036	no	query coverage 30.8% below 50%
Physcomitrium_patens	XP_073390670.1	KAG0560629.1__Ceratodon_purpureus	Ceratodon_purpureus	homology-blast	0.0	997.0	95.9	95.9	94.912	yes	NA
Physcomitrium_patens	XP_073390791.1	KAG0576229.1__Ceratodon_purpureus	Ceratodon_purpureus	homology-blast	2.68e-154	434.0	95.6	100.0	74.394	yes	NA
Physcomitrium_patens	XP_073390791.1	KAH8960375.1__Sphagnum_fallax	Sphagnum_fallax	homology-blast	1.14e-29	112.0	45.5	98.6	45.89	no	query coverage 45.5% below 50%
Physcomitrium_patens	XP_073390791.1	jg6504.t1__Syntrichia_ruralis	Syntrichia_ruralis	homology-blast	4.99e-147	416.0	95.6	100.0	71.972	yes	NA
Physcomitrium_patens	XP_073390791.1	jg9012.t1__Syntrichia_ruralis	Syntrichia_ruralis	homology-blast	1.43e-132	379.0	93.6	94.8	69.892	yes	NA
Physcomitrium_patens	XP_073391148.1	KAG0583832.1__Ceratodon_purpureus	Ceratodon_purpureus	homology-blast	8.42e-163	461.0	73.3	81.2	77.978	yes	NA
Physcomitrium_patens	XP_073391148.1	KAH8932443.1__Sphagnum_fallax	Sphagnum_fallax	homology-blast	1.03e-132	385.0	72.8	74.9	71.273	yes	NA
Physcomitrium_patens	XP_073391148.1	g14382.t1__Sphagnum_palustre	Sphagnum_palustre	homology-blast	5.18e-130	379.0	72.8	74.9	70.545	yes	NA
Physcomitrium_patens	XP_073391148.1	g15231.t1__Sphagnum_palustre	Sphagnum_palustre	homology-blast	3.69e-130	379.0	72.8	74.9	70.545	yes	NA
Physcomitrium_patens	XP_073391148.1	g15609.t1__Blasia_pusilla	Blasia_pusilla	homology-blast	1.28e-114	339.0	82.5	90.0	54.489	yes	NA
Physcomitrium_patens	XP_073391376.1	KAG0582945.1__Ceratodon_purpureus	Ceratodon_purpureus	homology-blast	0.0	547.0	100.0	99.9	49.417	yes	NA
Physcomitrium_patens	XP_073391376.1	KAH8953056.1__Sphagnum_fallax	Sphagnum_fallax	homology-blast	3.09e-57	210.0	79.7	81.9	42.333	yes	NA
Physcomitrium_patens	XP_073391376.1	KAH8955510.1__Sphagnum_fallax	Sphagnum_fallax	homology-blast	6.37e-92	305.0	92.6	97.9	35.498	yes	NA
Physcomitrium_patens	XP_073391376.1	KAH8955515.1__Sphagnum_fallax	Sphagnum_fallax	homology-blast	9.75e-05	44.7	6.3	40.0	51.02	no	query coverage 6.3% below 50%
Physcomitrium_patens	XP_073391376.1	KAH8955517.1__Sphagnum_fallax	Sphagnum_fallax	homology-blast	7.06e-05	44.7	5.9	45.5	54.348	no	query coverage 5.9% below 50%
Physcomitrium_patens	XP_073391456.1	KAG0560849.1__Ceratodon_purpureus	Ceratodon_purpureus	homology-blast	0.0	1319.0	98.4	98.3	61.483	yes	NA
Physcomitrium_patens	XP_073391456.1	KAG0560852.1__Ceratodon_purpureus	Ceratodon_purpureus	homology-blast	0.0	1318.0	98.4	98.3	61.443	yes	NA
Physcomitrium_patens	XP_073391456.1	KAH8945832.1__Sphagnum_fallax	Sphagnum_fallax	homology-blast	0.0	754.0	90.5	86.7	44.771	yes	NA
Physcomitrium_patens	XP_073391456.1	g3076.t1__Blasia_pusilla	Blasia_pusilla	homology-blast	1.39e-89	322.0	24.4	28.0	60.498	no	query coverage 24.4% below 50%
Physcomitrium_patens	XP_073391456.1	g352.t1__Sphagnum_palustre	Sphagnum_palustre	homology-blast	0.0	756.0	90.7	86.9	44.804	yes	NA
Physcomitrium_patens	XP_073391581.1	KAG0504121.1__Ceratodon_purpureus	Ceratodon_purpureus	homology-blast	7.64e-38	152.0	35.7	46.8	33.333	no	query coverage 35.7% below 50%
Physcomitrium_patens	XP_073391581.1	KAG0504156.1__Ceratodon_purpureus	Ceratodon_purpureus	homology-blast	2.12e-47	183.0	56.1	42.7	36.61	yes	NA
Physcomitrium_patens	XP_073391581.1	KAG0504180.1__Ceratodon_purpureus	Ceratodon_purpureus	homology-blast	5.07e-39	146.0	23.7	78.8	39.888	no	query coverage 23.7% below 50%
Physcomitrium_patens	XP_073391581.1	KAG0504202.1__Ceratodon_purpureus	Ceratodon_purpureus	homology-blast	1.47e-21	101.0	37.9	54.0	27.083	no	query coverage 37.9% below 50%
Physcomitrium_patens	XP_073391581.1	KAG0504439.1__Ceratodon_purpureus	Ceratodon_purpureus	homology-blast	6.73e-38	154.0	37.9	42.2	30.183	no	query coverage 37.9% below 50%
Physcomitrium_patens	XP_073392270.1	KAG0558688.1__Ceratodon_purpureus	Ceratodon_purpureus	homology-blast	1.72e-16	74.3	74.1	13.1	59.375	yes	NA
Physcomitrium_patens	XP_073392270.1	KAG0565892.1__Ceratodon_purpureus	Ceratodon_purpureus	homology-blast	3.53e-27	104.0	83.5	15.3	65.753	yes	NA
Physcomitrium_patens	XP_073392270.1	KAG0570122.1__Ceratodon_purpureus	Ceratodon_purpureus	homology-blast	0.000356	39.7	35.3	6.7	56.25	no	query coverage 35.3% below 50%
Physcomitrium_patens	XP_073392270.1	KAG0573974.1__Ceratodon_purpureus	Ceratodon_purpureus	homology-blast	1.19e-12	63.5	70.6	13.3	49.206	yes	NA
Physcomitrium_patens	XP_073392270.1	KAG0576857.1__Ceratodon_purpureus	Ceratodon_purpureus	homology-blast	6.72e-12	61.2	68.2	12.9	49.18	yes	NA
Physcomitrium_patens	XP_073392280.1	KAG0567311.1__Ceratodon_purpureus	Ceratodon_purpureus	homology-blast	0.0	864.0	100.0	99.8	75.986	yes	NA
Physcomitrium_patens	XP_073392280.1	KAG0589671.1__Ceratodon_purpureus	Ceratodon_purpureus	homology-blast	0.0	534.0	97.6	99.6	51.63	yes	NA
Physcomitrium_patens	XP_073392280.1	KAG0590735.1__Ceratodon_purpureus	Ceratodon_purpureus	homology-blast	2.92e-06	51.6	21.2	39.7	32.5	no	query coverage 21.2% below 50%
Physcomitrium_patens	XP_073392280.1	KAH8961663.1__Sphagnum_fallax	Sphagnum_fallax	homology-blast	4.73e-06	50.8	16.1	31.4	34.444	no	query coverage 16.1% below 50%
Physcomitrium_patens	XP_073392280.1	KAH8969333.1__Sphagnum_fallax	Sphagnum_fallax	homology-blast	0.0	525.0	96.4	97.1	50.998	yes	NA
Physcomitrium_patens	XP_073392657.1	KAG0553880.1__Ceratodon_purpureus	Ceratodon_purpureus	homology-blast	1.59e-10	63.9	21.5	45.6	36.709	no	query coverage 21.5% below 50%
Physcomitrium_patens	XP_073392657.1	KAG0553881.1__Ceratodon_purpureus	Ceratodon_purpureus	homology-blast	1.4e-16	81.3	22.6	55.7	46.154	no	query coverage 22.6% below 50%
Physcomitrium_patens	XP_073392657.1	KAG0556490.1__Ceratodon_purpureus	Ceratodon_purpureus	homology-blast	1.45e-08	58.5	19.6	13.7	36.111	no	query coverage 19.6% below 50%
Physcomitrium_patens	XP_073392657.1	KAG0556675.1__Ceratodon_purpureus	Ceratodon_purpureus	homology-blast	1.55e-12	70.9	21.5	17.9	36.709	no	query coverage 21.5% below 50%
Physcomitrium_patens	XP_073392657.1	KAG0557026.1__Ceratodon_purpureus	Ceratodon_purpureus	homology-blast	6.62e-09	59.3	19.6	19.2	33.333	no	query coverage 19.6% below 50%
Physcomitrium_patens	XP_073392668.1	KAG0553667.1__Ceratodon_purpureus	Ceratodon_purpureus	homology-blast	1.17e-56	221.0	60.1	53.4	41.404	yes	NA
Physcomitrium_patens	XP_073392668.1	KAG0553669.1__Ceratodon_purpureus	Ceratodon_purpureus	homology-blast	1.49e-34	148.0	30.9	46.1	65.401	no	query coverage 30.9% below 50%
Physcomitrium_patens	XP_073392668.1	KAG0553671.1__Ceratodon_purpureus	Ceratodon_purpureus	homology-blast	5.09e-37	156.0	32.8	30.8	65.289	no	query coverage 32.8% below 50%
Physcomitrium_patens	XP_073392668.1	KAH8945761.1__Sphagnum_fallax	Sphagnum_fallax	homology-blast	1.58e-17	92.4	46.6	42.2	48.538	no	query coverage 46.6% below 50%
Physcomitrium_patens	XP_073392668.1	KAH8952517.1__Sphagnum_fallax	Sphagnum_fallax	homology-blast	3.89e-11	71.2	26.9	23.6	28.07	no	query coverage 26.9% below 50%
Physcomitrium_patens	XP_073392800.1	KAG0568254.1__Ceratodon_purpureus	Ceratodon_purpureus	homology-blast	0.0	1144.0	100.0	100.0	66.115	yes	NA
Physcomitrium_patens	XP_073392800.1	KAG0574920.1__Ceratodon_purpureus	Ceratodon_purpureus	homology-blast	1.14e-177	549.0	77.5	56.4	43.472	yes	NA
Physcomitrium_patens	XP_073392800.1	KAG0582970.1__Ceratodon_purpureus	Ceratodon_purpureus	homology-blast	0.0	959.0	84.6	82.0	62.319	yes	NA
Physcomitrium_patens	XP_073392800.1	KAG0587138.1__Ceratodon_purpureus	Ceratodon_purpureus	homology-blast	2.38e-43	172.0	66.3	46.3	28.898	yes	NA
Physcomitrium_patens	XP_073392800.1	KAG0588084.1__Ceratodon_purpureus	Ceratodon_purpureus	homology-blast	0.0	1147.0	91.7	90.1	72.115	yes	NA
Physcomitrium_patens	XP_073393657.1	KAG0553942.1__Ceratodon_purpureus	Ceratodon_purpureus	homology-blast	2.42e-07	51.2	83.8	25.1	31.538	yes	NA
Physcomitrium_patens	XP_073393657.1	KAG0555022.1__Ceratodon_purpureus	Ceratodon_purpureus	homology-blast	8.43e-05	43.9	88.3	26.2	24.823	yes	NA
Physcomitrium_patens	XP_073393657.1	KAG0556418.1__Ceratodon_purpureus	Ceratodon_purpureus	homology-blast	5.46e-13	67.4	85.1	6.5	32.824	yes	NA
Physcomitrium_patens	XP_073393657.1	KAG0558533.1__Ceratodon_purpureus	Ceratodon_purpureus	homology-blast	3.61e-06	47.4	58.4	27.4	27.778	yes	NA
Physcomitrium_patens	XP_073393657.1	KAG0558534.1__Ceratodon_purpureus	Ceratodon_purpureus	homology-blast	7.29e-10	57.8	58.4	33.5	32.222	yes	NA
Physcomitrium_patens	XP_073394121.1	KAG0561322.1__Ceratodon_purpureus	Ceratodon_purpureus	homology-blast	9.51e-05	46.6	20.9	7.4	44.0	no	query coverage 20.9% below 50%
Physcomitrium_patens	XP_073394121.1	KAG0580294.1__Ceratodon_purpureus	Ceratodon_purpureus	homology-blast	6.87e-170	478.0	99.4	99.4	75.882	yes	NA
Physcomitrium_patens	XP_073394121.1	KAH8945874.1__Sphagnum_fallax	Sphagnum_fallax	homology-blast	6.36e-115	339.0	71.4	67.3	67.078	yes	NA
Physcomitrium_patens	XP_073394121.1	KAH8975851.1__Sphagnum_fallax	Sphagnum_fallax	homology-blast	2.1e-122	358.0	71.1	69.0	68.98	yes	NA
Physcomitrium_patens	XP_073394121.1	g11024.t1__Sphagnum_palustre	Sphagnum_palustre	homology-blast	1.54e-116	343.0	71.1	69.9	66.016	yes	NA
Physcomitrium_patens	XP_073394307.1	KAG0553385.1__Ceratodon_purpureus	Ceratodon_purpureus	homology-blast	3.64e-09	55.8	68.1	98.0	28.125	yes	NA
Physcomitrium_patens	XP_073394307.1	KAG0553386.1__Ceratodon_purpureus	Ceratodon_purpureus	homology-blast	2.02e-08	53.1	49.6	93.8	32.174	no	query coverage 49.6% below 50%
Physcomitrium_patens	XP_073394307.1	KAG0554609.1__Ceratodon_purpureus	Ceratodon_purpureus	homology-blast	4.52e-05	46.2	64.2	24.9	27.152	yes	NA
Physcomitrium_patens	XP_073394307.1	KAG0557046.1__Ceratodon_purpureus	Ceratodon_purpureus	homology-blast	6.51e-12	66.6	71.1	32.1	30.723	yes	NA
Physcomitrium_patens	XP_073394307.1	KAG0560390.1__Ceratodon_purpureus	Ceratodon_purpureus	homology-blast	0.00056	42.7	67.7	26.6	31.548	yes	NA
Physcomitrium_patens	XP_073394347.1	KAG0570578.1__Ceratodon_purpureus	Ceratodon_purpureus	homology-blast	1.83e-100	293.0	63.6	75.8	89.809	yes	NA
Physcomitrium_patens	XP_073394347.1	KAG0579082.1__Ceratodon_purpureus	Ceratodon_purpureus	homology-blast	1.32e-100	293.0	63.6	75.8	91.083	yes	NA
Physcomitrium_patens	XP_073394347.1	KAG0589001.1__Ceratodon_purpureus	Ceratodon_purpureus	homology-blast	1.39e-100	293.0	63.6	75.8	90.446	yes	NA
Physcomitrium_patens	XP_073394347.1	KAG0590382.1__Ceratodon_purpureus	Ceratodon_purpureus	homology-blast	3.28e-101	295.0	63.6	75.8	91.72	yes	NA
Physcomitrium_patens	XP_073394347.1	KAH8931755.1__Sphagnum_fallax	Sphagnum_fallax	homology-blast	2.5e-61	191.0	52.6	96.4	71.642	yes	NA
Physcomitrium_patens	XP_073394415.1	KAG0504121.1__Ceratodon_purpureus	Ceratodon_purpureus	homology-blast	3.97e-07	49.3	63.2	12.8	35.897	yes	NA
Physcomitrium_patens	XP_073394415.1	KAG0504156.1__Ceratodon_purpureus	Ceratodon_purpureus	homology-blast	6.66e-12	62.8	90.6	11.8	36.697	yes	NA
Physcomitrium_patens	XP_073394415.1	KAG0504180.1__Ceratodon_purpureus	Ceratodon_purpureus	homology-blast	0.000432	40.4	47.0	24.3	30.909	no	query coverage 47.0% below 50%
Physcomitrium_patens	XP_073394415.1	KAG0553448.1__Ceratodon_purpureus	Ceratodon_purpureus	homology-blast	3.63e-07	49.3	65.0	18.7	35.897	yes	NA
Physcomitrium_patens	XP_073394415.1	KAG0553551.1__Ceratodon_purpureus	Ceratodon_purpureus	homology-blast	5.28e-07	48.9	65.0	5.3	34.177	yes	NA
Physcomitrium_patens	XP_073395127.1	KAG0586678.1__Ceratodon_purpureus	Ceratodon_purpureus	homology-blast	8.26e-65	216.0	97.0	39.9	44.876	yes	NA
Physcomitrium_patens	XP_073395127.1	KAG0586681.1__Ceratodon_purpureus	Ceratodon_purpureus	homology-blast	1.19e-85	270.0	96.7	37.8	54.717	yes	NA
Physcomitrium_patens	XP_073395127.1	KAG0586858.1__Ceratodon_purpureus	Ceratodon_purpureus	homology-blast	2.08e-86	283.0	93.7	15.3	55.039	yes	NA
Physcomitrium_patens	XP_073395127.1	KAH8971785.1__Sphagnum_fallax	Sphagnum_fallax	homology-blast	2.53e-70	232.0	94.5	35.5	44.84	yes	NA
Physcomitrium_patens	XP_073395127.1	g11941.t1__Sphagnum_palustre	Sphagnum_palustre	homology-blast	3.09e-80	251.0	89.3	50.3	52.049	yes	NA
Physcomitrium_patens	XP_073395527.1	KAG0576303.1__Ceratodon_purpureus	Ceratodon_purpureus	homology-blast	6.38e-09	54.7	38.0	6.9	52.174	no	query coverage 38.0% below 50%
Physcomitrium_patens	XP_073395527.1	KAH8940085.1__Sphagnum_fallax	Sphagnum_fallax	homology-blast	1.41e-06	47.8	19.8	3.4	79.167	no	query coverage 19.8% below 50%
Physcomitrium_patens	XP_073395527.1	KAH8946995.1__Sphagnum_fallax	Sphagnum_fallax	homology-blast	3.27e-06	46.6	37.2	6.5	48.889	no	query coverage 37.2% below 50%
Physcomitrium_patens	XP_073395527.1	g11703.t1__Sphagnum_palustre	Sphagnum_palustre	homology-blast	1.39e-06	47.8	19.8	3.2	79.167	no	query coverage 19.8% below 50%
Physcomitrium_patens	XP_073395527.1	g15673.t1__Sphagnum_palustre	Sphagnum_palustre	homology-blast	1.48e-06	47.8	19.8	3.5	79.167	no	query coverage 19.8% below 50%
Physcomitrium_patens	XP_073395709.1	KAG0574474.1__Ceratodon_purpureus	Ceratodon_purpureus	homology-blast	0.0	606.0	93.1	40.0	59.683	yes	NA
Physcomitrium_patens	XP_073395709.1	KAH8959413.1__Sphagnum_fallax	Sphagnum_fallax	homology-blast	3.42e-08	58.9	20.0	17.5	38.525	no	query coverage 20.0% below 50%
Physcomitrium_patens	XP_073395709.1	KAH8959418.1__Sphagnum_fallax	Sphagnum_fallax	homology-blast	1.47e-60	209.0	56.9	75.8	41.003	yes	NA
Physcomitrium_patens	XP_073395709.1	g13267.t1__Sphagnum_palustre	Sphagnum_palustre	homology-blast	1.68e-93	312.0	88.6	44.9	41.431	yes	NA
Physcomitrium_patens	XP_073395709.1	g406.t1__Blasia_pusilla	Blasia_pusilla	homology-blast	4.05e-93	315.0	89.9	37.1	40.219	yes	NA
Physcomitrium_patens	XP_073395929.1	KAG0553376.1__Ceratodon_purpureus	Ceratodon_purpureus	homology-blast	5.77e-64	229.0	43.1	70.0	33.967	no	query coverage 43.1% below 50%
Physcomitrium_patens	XP_073395929.1	KAG0553845.1__Ceratodon_purpureus	Ceratodon_purpureus	homology-blast	1.21e-56	210.0	37.1	50.1	36.364	no	query coverage 37.1% below 50%
Physcomitrium_patens	XP_073395929.1	KAG0553858.1__Ceratodon_purpureus	Ceratodon_purpureus	homology-blast	5.92e-57	211.0	37.1	50.4	36.364	no	query coverage 37.1% below 50%
Physcomitrium_patens	XP_073395929.1	KAG0555629.1__Ceratodon_purpureus	Ceratodon_purpureus	homology-blast	8.08e-59	219.0	39.0	43.7	34.574	no	query coverage 39.0% below 50%
Physcomitrium_patens	XP_073395929.1	KAG0555805.1__Ceratodon_purpureus	Ceratodon_purpureus	homology-blast	1.12e-41	164.0	38.4	64.1	32.908	no	query coverage 38.4% below 50%
Physcomitrium_patens	YP_539006.1	KAH8932845.1__Sphagnum_fallax	Sphagnum_fallax	homology-blast	2.8e-79	235.0	100.0	98.3	84.0	yes	NA
Physcomitrium_patens	YP_539006.1	KAH8952199.1__Sphagnum_fallax	Sphagnum_fallax	homology-blast	1.15e-17	75.5	57.1	95.2	55.0	yes	NA
Physcomitrium_patens	YP_539019.1	KAH8932758.1__Sphagnum_fallax	Sphagnum_fallax	homology-blast	5.48e-59	193.0	26.6	90.3	74.615	no	query coverage 26.6% below 50%
Physcomitrium_patens	YP_539019.1	KAH8939256.1__Sphagnum_fallax	Sphagnum_fallax	homology-blast	9.07e-05	46.6	30.7	38.7	26.667	no	query coverage 30.7% below 50%
Physcomitrium_patens	YP_539019.1	KAH8954741.1__Sphagnum_fallax	Sphagnum_fallax	homology-blast	7.52e-08	57.0	64.8	77.8	21.914	yes	NA
Physcomitrium_patens	YP_539019.1	KAH8969469.1__Sphagnum_fallax	Sphagnum_fallax	homology-blast	0.0	691.0	79.8	91.8	93.333	yes	NA
Physcomitrium_patens	YP_539019.1	KAH8972633.1__Sphagnum_fallax	Sphagnum_fallax	homology-blast	0.0	786.0	100.0	100.0	92.229	yes	NA
